"";"protein.g";"protein.acs";"ID";"Description";"Gene";"global.peptide.count";"global.spectra.count";"global.dNSAF";"peptide.count.P5772";"peptide.count.P5774";"spectra.count.P5772";"spectra.count.P5774";"dNSAF.P5772";"dNSAF.P5774"
"P78527-1,P78527-2";"P78527-1,P78527-2";"P78527-[1,2]";"PRKDC_HUMAN";"DNA-dependent protein kinase catalytic subunit";"PRKDC";42;92;0,000489714961049223;37;22;61;31;NA;NA
"P11498";"P11498";"P11498";"PYC_HUMAN";"Pyruvate carboxylase, mitochondrial";"PC";41;107;0,00399175351435;39;27;64;43;0,00578677262234115;0,00374461938045308
"P26038";"P26038";"P26038";"MOES_HUMAN";"Moesin";"MSN";35;114;0,0113542861825707;25;31;53;61;0,0126825350498003;0,0142881526138045
"P10809";"P10809";"P10809";"CH60_HUMAN";"60 kDa heat shock protein, mitochondrial";"HSPD1";30;86;0,00659582399621226;20;27;38;48;0,0070636750018128;0,00859352076985019
"Q96RQ3";"Q96RQ3";"Q96RQ3";"MCCA_HUMAN";"Methylcrotonoyl-CoA carboxylase subunit alpha, mitochondrial";"MCCC1";30;209;0,0126687424910087;29;29;118;91;0,0173358737412911;0,0128762055604109
"P04264";"P04264";"P04264";"K2C1_HUMAN";"Keratin, type II cytoskeletal 1";"KRT1";29;204;0,0165266447272519;29;25;114;90;0,0223444149178491;0,0170594808863119
"P35908";"P35908";"P35908";"K22E_HUMAN";"Keratin, type II cytoskeletal 2 epidermal";"KRT2";29;154;0,0135876431038602;29;24;85;69;0,0180282388306584;0,0143631415042192
"P13645";"P13645";"P13645";"K1C10_HUMAN";"Keratin, type I cytoskeletal 10";"KRT10";30;200;0,0181911314459901;30;27;112;88;0,02487774118689;0,0184374268843767
"P19338";"P19338";"P19338";"NUCL_HUMAN";"Nucleolin";"NCL";27;83;0,00513741882469471;23;26;37;46;0,00555066618656165;0,00664636210245632
"P13639";"P13639";"P13639";"EF2_HUMAN";"Elongation factor 2";"EEF2";26;70;0,00358538651932663;21;19;38;32;0,00471734938932253;0,00382601973669321
"P35527";"P35527";"P35527";"K1C9_HUMAN";"Keratin, type I cytoskeletal 9";"KRT9";26;160;0,0113904674170747;25;23;86;74;0,0149320530146956;0,0121850744944886
"P00558";"P00558";"P00558";"PGK1_HUMAN";"Phosphoglycerate kinase 1";"PGK1";27;113;0,0119087894688179;21;26;51;62;0,0130267433155355;0,0152524689683102
"P22314";"P22314";"P22314";"UBA1_HUMAN";"Ubiquitin-like modifier-activating enzyme 1";"UBA1";21;51;0,00211840863236153;16;15;25;26;0,00251684271219203;0,0025209962277337
"P35579-1";"P35579-1";"P35579-1";"MYH9_HUMAN";"Myosin-9";"MYH9";52;120;0,00295310616890851;47;28;74;46;NA;NA
"P49327";"P49327";"P49327";"FAS_HUMAN";"Fatty acid synthase";"FASN";18;42;0,000735068490700657;13;13;22;20;0,000933206387399151;0,000817086054879224
"P25705";"P25705";"P25705";"ATPA_HUMAN";"ATP synthase subunit alpha, mitochondrial";"ATP5A1";17;46;0,00365559377795876;13;15;23;23;0,0044300072736695;0,0042666519825895
"P04406";"P04406";"P04406";"G3P_HUMAN";"Glyceraldehyde-3-phosphate dehydrogenase";"GAPDH";16;62;0,00813339962823452;12;14;25;37;0,00794871519253483;0,0113303006120394
"P29401";"P29401";"P29401";"TKT_HUMAN";"Transketolase";"TKT";16;36;0,00253945009880672;11;14;16;20;0,00273548079820139;0,00329326337688882
"Q86YZ3";"Q86YZ3";"Q86YZ3";"HORN_HUMAN";"Hornerin";"HRNR";16;45;0,000693893601559906;11;14;22;23;0,000822203943424304;0,000827880191709471
"P04075";"P04075";"P04075";"ALDOA_HUMAN";"Fructose-bisphosphate aldolase A";"ALDOA";15;59;0,00858975539250562;15;14;30;29;0,0104244997665833;0,00998921373218487
"P13796";"P13796";"P13796";"PLSL_HUMAN";"Plastin-2";"LCP1";20;47;0,00329424235083996;12;17;20;27;0,00339753695629878;0,00441754252493196
"P38646";"P38646";"P38646";"GRP75_HUMAN";"Stress-70 protein, mitochondrial";"HSPA9";15;33;0,00213584333911665;10;13;15;18;0,00235300700103019;0,00271948862359582
"P39023";"P39023";"P39023";"RL3_HUMAN";"60S ribosomal protein L3";"RPL3";15;42;0,00458004213436564;12;12;20;22;0,00528599422233085;0,0056001821145953
"P11021";"P11021";"P11021";"GRP78_HUMAN";"78 kDa glucose-regulated protein";"HSPA5";14;32;0,00237679549361901;5;13;8;24;0,00148628099864672;0,00408164628715193
"P13647";"P13647";"P13647";"K2C5_HUMAN";"Keratin, type II cytoskeletal 5";"KRT5";14;44;0,0060246277666361;13;11;24;20;0,00839517872957735;0,0059014367153421
"P30101";"P30101";"P30101";"PDIA3_HUMAN";"Protein disulfide-isomerase A3";"PDIA3";14;34;0,00295878063767458;8;13;15;19;0,0031637460469297;0,00385963946457752
"P60174-1,P60174-3";"P60174-1,P60174-3";"P60174-[1,3]";"TPIS_HUMAN";"Triosephosphate isomerase";"TPI1";14;34;0,00261221017836655;9;14;13;21;NA;NA
"Q00610-1,Q00610-2";"Q00610-1,Q00610-2";"Q00610-[1,2]";"CLH1_HUMAN";"Clathrin heavy chain 1";"CLTC";16;30;0,000393551594914574;13;8;17;13;NA;NA
"P05166-1,P05166-2";"P05166-1,P05166-2";"P05166-[1,2]";"PCCB_HUMAN";"Propionyl-CoA carboxylase beta chain, mitochondrial";"PCCB";13;31;0,00126377035039822;13;5;22;9;NA;NA
"P06576";"P06576";"P06576";"ATPB_HUMAN";"ATP synthase subunit beta, mitochondrial";"ATP5B";13;35;0,00290761969147661;9;12;14;21;0,00281886383765507;0,00407237852172366
"P08779";"P08779";"P08779";"K1C16_HUMAN";"Keratin, type I cytoskeletal 16";"KRT16";13;34;0,00496257453882827;13;5;25;9;0,00831304094096674;0,00364867002977446
"P50990";"P50990";"P50990";"TCPQ_HUMAN";"T-complex protein 1 subunit theta";"CCT8";13;22;0,00176427935189806;5;11;6;16;0,0011661983603646;0,00299518698365216
"Q02878";"Q02878";"Q02878";"RL6_HUMAN";"60S ribosomal protein L6";"RPL6";13;30;0,00457777028806883;9;11;14;16;0,00517770475735949;0,00569917523278259
"P07900-1,P07900-2";"P07900-1,P07900-2";"P07900-[1,2]";"HS90A_HUMAN";"Heat shock protein HSP 90-alpha";"HSP90AA1";15;35;0,00162230528530887;8;13;13;22;NA;NA
"P40926";"P40926";"P40926";"MDHM_HUMAN";"Malate dehydrogenase, mitochondrial";"MDH2";12;33;0,00429064386763374;9;12;14;19;0,00441177210094537;0,00576662109352558
"P49411";"P49411";"P49411";"EFTU_HUMAN";"Elongation factor Tu, mitochondrial";"TUFM";12;29;0,0028195824075185;9;10;13;16;0,00306342076668046;0,00363133289168448
"Q14152";"Q14152";"Q14152";"EIF3A_HUMAN";"Eukaryotic translation initiation factor 3 subunit A";"EIF3A";12;25;0,000794981815583588;7;8;10;15;0,000770714787119875;0,00111344233925564
"Q9HCC0-1,Q9HCC0-2";"Q9HCC0-1,Q9HCC0-2";"Q9HCC0-[1,2]";"MCCB_HUMAN";"Methylcrotonoyl-CoA carboxylase beta chain, mitochondrial";"MCCC2";12;29;0,00113183947442128;11;4;23;6;NA;NA
"P14625";"P14625";"P14625";"ENPL_HUMAN";"Endoplasmin";"HSP90B1";14;26;0,00159175035602783;7;11;11;15;0,00164146413051319;0,00213528963533893
"P26373";"P26373";"P26373";"RL13_HUMAN";"60S ribosomal protein L13";"RPL13";11;26;0,00541522020806625;8;7;14;12;0,00706719891051912;0,00583422677858312
"P37802";"P37802";"P37802";"TAGL2_HUMAN";"Transgelin-2";"TAGLN2";11;25;0,00552092899063577;7;8;13;12;0,00695812154039984;0,00618603944864844
"P50991";"P50991";"P50991";"TCPD_HUMAN";"T-complex protein 1 subunit delta";"CCT4";11;16;0,00130453713589494;8;5;8;8;0,00158089474701249;0,00152259969113301
"P55072";"P55072";"P55072";"TERA_HUMAN";"Transitional endoplasmic reticulum ATPase";"VCP";11;22;0,00119953484471481;8;9;11;11;0,00145364841114098;0,00140004552864882
"P62424";"P62424";"P62424";"RL7A_HUMAN";"60S ribosomal protein L7a";"RPL7A";11;25;0,0041303190569042;9;8;12;13;0,00480508798105113;0,00501356016718468
"Q86YV0-1,Q86YV0-2";"Q86YV0-1,Q86YV0-2";"Q86YV0-[1,2]";"RASL3_HUMAN";"RAS protein activator like-3";"RASAL3";11;17;0,000369481756188344;11;NA;17;NA;NA;NA
"P07195";"P07195";"P07195";"LDHB_HUMAN";"L-lactate dehydrogenase B chain";"LDHB";10;25;0,00350511517099606;5;9;10;15;0,00338831833993158;0,00492484995853709
"P07814";"P07814";"P07814";"SYEP_HUMAN";"Bifunctional glutamate/proline--tRNA ligase";"EPRS";10;25;0,000726630204455369;8;7;15;10;0,00105667444027745;0,000678473241997927
"P15880";"P15880";"P15880";"RS2_HUMAN";"40S ribosomal protein S2";"RPS2";10;31;0,00464963971921257;9;9;15;16;0,00545287287952048;0,00560191968273511
"P31146";"P31146";"P31146";"COR1A_HUMAN";"Coronin-1A";"CORO1A";10;28;0,00266920749117766;9;7;18;10;0,00415885055192929;0,00222527449436197
"P36578";"P36578";"P36578";"RL4_HUMAN";"60S ribosomal protein L4";"RPL4";10;35;0,00360217989880826;7;10;15;20;0,00374166687049063;0,00480492525480499
"Q14204";"Q14204";"Q14204";"DYHC1_HUMAN";"Cytoplasmic dynein 1 heavy chain 1";"DYNC1H1";10;16;0,000151344278141922;7;5;9;7;0,000206331263930198;0,000154562221121525
"Q99623";"Q99623";"Q99623";"PHB2_HUMAN";"Prohibitin-2";"PHB2";10;27;0,00396842160089445;8;8;13;14;0,00463099059043333;0,00480331825639202
"P06744-1,P06744-2";"P06744-1,P06744-2";"P06744-[1,2]";"G6PI_HUMAN";"Glucose-6-phosphate isomerase";"GPI";9;18;0,000708816044604205;5;7;7;11;NA;NA
"P17987";"P17987";"P17987";"TCPA_HUMAN";"T-complex protein 1 subunit alpha";"TCP1";9;21;0,00165985339941488;6;8;8;13;0,00153255803712182;0,00239857374904879
"P26583";"P26583";"P26583";"HMGB2_HUMAN";"High mobility group protein B2";"HMGB2";9;25;0,00534021049781554;8;8;15;10;0,00785680421144093;0,00490838058325773
"P27797";"P27797";"P27797";"CALR_HUMAN";"Calreticulin";"CALR";9;22;0,00231852538330968;6;8;7;15;0,00178798437664213;0,00369011346007506
"P46777";"P46777";"P46777";"RL5_HUMAN";"60S ribosomal protein L5";"RPL5";9;22;0,00325530331596005;6;8;9;13;0,00322766010848384;0,00449025927431356
"P61247";"P61247";"P61247";"RS3A_HUMAN";"40S ribosomal protein S3a";"RPS3A";9;27;0,00449453810101303;8;9;13;14;0,00524494767628624;0,00544012181311065
"P61313";"P61313";"P61313";"RL15_HUMAN";"60S ribosomal protein L15";"RPL15";9;24;0,00517018761946597;7;7;13;11;0,00678757934578219;0,0055315524318184
"P61978-1,P61978-2,P61978-3";"P61978-1,P61978-2,P61978-3";"P61978-[1-3]";"HNRPK_HUMAN";"Heterogeneous nuclear ribonucleoprotein K";"HNRNPK";9;26;0,000822614444853837;8;7;14;12;NA;NA
"P62269";"P62269";"P62269";"RS18_HUMAN";"40S ribosomal protein S18";"RPS18";9;24;0,00693893601559906;9;6;15;9;0,0105111299585493;0,00607412097178144
"P62753";"P62753";"P62753";"RS6_HUMAN";"40S ribosomal protein S6";"RPS6";9;21;0,00370633931756898;8;6;11;10;0,00470538401357283;0,00411988571044525
"P63104";"P63104";"P63104";"1433Z_HUMAN";"14-3-3 protein zeta/delta";"YWHAZ";9;24;0,00564427055909473;5;9;9;15;0,00490679846706118;0,00846676750417183
"Q04695";"Q04695";"Q04695";"K1C17_HUMAN";"Keratin, type I cytoskeletal 17";"KRT17";9;17;0,00302555126954018;9;0;17;0;0,00683938175391351;0
"Q06830";"Q06830";"Q06830";"PRDX1_HUMAN";"Peroxiredoxin-1";"PRDX1";9;36;0,0102299260694305;8;8;20;16;0,0129574964712444;0,0114237733846698
"Q8NC51-1,Q8NC51-2,Q8NC51-3,Q8NC51-4";"Q8NC51-1,Q8NC51-2,Q8NC51-3,Q8NC51-4";"Q8NC51-[1-4]";"PAIRB_HUMAN";"Plasminogen activator inhibitor 1 RNA-binding protein";"SERBP1";9;23;0,000619345391915194;7;7;10;13;NA;NA
"Q9UQ80";"Q9UQ80";"Q9UQ80";"PA2G4_HUMAN";"Proliferation-associated protein 2G4";"PA2G4";9;24;0,00267694993495192;6;8;11;13;0,00297370715578587;0,00338478935144956
"O60841";"O60841";"O60841";"IF2P_HUMAN";"Eukaryotic translation initiation factor 5B";"EIF5B";8;16;0,000576348783809321;5;7;7;9;0,000611138922180137;0,000756775727631787
"P04843";"P04843";"P04843";"RPN1_HUMAN";"Dolichyl-diphosphooligosaccharide--protein glycosyltransferase subunit 1";"RPN1";8;22;0,00159279256151588;8;5;13;9;0,00228116340451329;0,00152103194021545
"P08238";"P08238";"P08238";"HS90B_HUMAN";"Heat shock protein HSP 90-beta";"HSP90AB1";12;33;0,0033306624365346;8;12;13;20;0,00340208303907007;0,00450716147059839
"P08708,P0CW22";"P08708,P0CW22";"P08708, P0CW22";"RS17_HUMAN, RS17L_HUMAN";"40S ribosomal protein S17, 40S ribosomal protein S17-like";"RPS17, RPS17L";8;13;0,00211594715537404;3;7;5;8;0,00197245895518457;0,00303956012415071
"P18124";"P18124";"P18124";"RL7_HUMAN";"60S ribosomal protein L7";"RPL7";8;23;0,00407569225647418;8;6;14;9;0,00601281842790135;0,00372284833754347
"P23396";"P23396";"P23396";"RS3_HUMAN";"40S ribosomal protein S3";"RPS3";8;22;0,00397870405284007;8;5;14;8;0,00613653897168532;0,00337728902683413
"P26641";"P26641";"P26641";"EF1G_HUMAN";"Elongation factor 1-gamma";"EEF1G";8;21;0,00211185009170406;6;8;9;12;0,00219362712178421;0,00281698363908705
"P46781";"P46781";"P46781";"RS9_HUMAN";"40S ribosomal protein S9";"RPS9";8;20;0,00453057677994441;8;5;14;6;0,00768648953669863;0,00317273672752845
"P62280";"P62280";"P62280";"RS11_HUMAN";"40S ribosomal protein S11";"RPS11";8;20;0,00556286009689376;7;5;11;9;0,00741544695809895;0,00584345815006823
"P62701";"P62701";"P62701";"RS4X_HUMAN";"40S ribosomal protein S4, X isoform";"RPS4X";14;48;0,00802067128799283;13;12;26;22;0,0105297808862324;0,00858126765088177
"P62917";"P62917";"P62917";"RL8_HUMAN";"60S ribosomal protein L8";"RPL8";8;23;0,00393296373387392;6;7;11;12;0,00455891291587406;0,00478996828903128
"P62937";"P62937";"P62937";"PPIA_HUMAN";"Peptidyl-prolyl cis-trans isomerase A";"PPIA";11;51;0,013583492927506;11;9;29;22;0,0187204286292063;0,0136780205586782
"P68104,Q5VTE0";"P68104,Q5VTE0";"P68104, Q5VTE0";"EF1A1_HUMAN, EF1A3_HUMAN";"Elongation factor 1-alpha 1, Putative elongation factor 1-alpha-like 3";"EEF1A1, EEF1A1P5";16;65;0,00309148123350103;12;13;31;34;0,00357348083439282;0,00377477840093392
"Q07020";"Q07020";"Q07020";"RL18_HUMAN";"60S ribosomal protein L18";"RPL18";8;21;0,00490892813869508;7;6;11;10;0,00623213095414699;0,00545665713777057
"Q7KZF4";"Q7KZF4";"Q7KZF4";"SND1_HUMAN";"Staphylococcal nuclease domain-containing protein 1";"SND1";8;13;0,000627808496649439;6;5;6;7;0,000702282089538242;0,000789116570692974
"Q99832-1,Q99832-2,Q99832-3,Q99832-4";"Q99832-1,Q99832-2,Q99832-3,Q99832-4";"Q99832-[1-4]";"TCPH_HUMAN";"T-complex protein 1 subunit eta";"CCT7";8;18;0,000364198299161277;6;6;9;9;NA;NA
"Q9Y490";"Q9Y490";"Q9Y490";"TLN1_HUMAN";"Talin-1";"TLN1";11;20;0,000345899998153961;8;5;13;7;0,000544929628705064;0,000282603730551203
"136429";"136429";"136429";"136429";"trypsin [Sus scrofa]";"";7;205;0,0390002247918591;7;5;109;96;0,0502592788321055;0,0426327913517243
"162648";"162648";"162648";"162648";"albumin [Bos taurus]";"";7;7;0,000506797633209597;5;2;5;2;0,000877370540197419;0,000338007097825656
"O00299";"O00299";"O00299";"CLIC1_HUMAN";"Chloride intracellular channel protein 1";"CLIC1";7;14;0,00255291421874046;3;6;6;8;0,00265177054555934;0,00340531632166263
"P00387-1,P00387-2,P00387-3";"P00387-1,P00387-2,P00387-3";"P00387-[1-3]";"NB5R3_HUMAN";"NADH-cytochrome b5 reductase 3";"CYB5R3";7;21;0,0010220138317549;7;5;12;9;NA;NA
"P02533";"P02533";"P02533";"K1C14_HUMAN";"Keratin, type I cytoskeletal 14";"KRT14";7;23;0,00462109517729681;7;4;17;6;0,00758297700992004;0,00395899017384072
"P06733-1";"P06733-1";"P06733-1";"ENOA_HUMAN";"Alpha-enolase";"ENO1";28;96;0,00972090575457196;23;24;49;47;NA;NA
"P07237";"P07237";"P07237";"PDIA1_HUMAN";"Protein disulfide-isomerase";"P4HB";7;14;0,00121112662739459;6;3;9;5;0,00188703750436949;0,00100969639950873
"P07737";"P07737";"P07737";"PROF1_HUMAN";"Profilin-1";"PFN1";7;28;0,00878931895309215;7;6;12;16;0,00912966716399715;0,0117240176217242
"P12956";"P12956";"P12956";"XRCC6_HUMAN";"X-ray repair cross-complementing protein 6";"XRCC6";7;14;0,00101026654633243;6;4;8;6;0,001399182707126;0,00101069117428657
"P15924-1,P15924-2";"P15924-1,P15924-2";"P15924-[1,2]";"DESP_HUMAN";"Desmoplakin";"DSP";7;13;9,94959477448606e-05;7;2;11;2;NA;NA
"P21333-1,P21333-2";"P21333-1,P21333-2";"P21333-[1,2]";"FLNA_HUMAN";"Filamin-A";"FLNA";7;14;0,000116216910977796;7;3;9;5;NA;NA
"P22626-1,P22626-2";"P22626-1,P22626-2";"P22626-[1,2]";"ROA2_HUMAN";"Heterogeneous nuclear ribonucleoproteins A2/B1";"HNRNPA2B1";7;20;0,00129792245404591;4;7;7;13;NA;NA
"P23528";"P23528";"P23528";"COF1_HUMAN";"Cofilin-1";"CFL1";11;39;0,0103248023846564;8;11;17;22;0,0109079356678279;0,0135956228444693
"P27824";"P27824";"P27824";"CALX_HUMAN";"Calnexin";"CANX";7;19;0,0014104481428104;7;4;12;7;0,00215904291040473;0,0012130001340044
"P30041";"P30041";"P30041";"PRDX6_HUMAN";"Peroxiredoxin-6";"PRDX6";7;16;0,0031390424832472;7;3;11;5;0,00523053847937336;0,002289847191743
"P31948";"P31948";"P31948";"STIP1_HUMAN";"Stress-induced-phosphoprotein 1";"STIP1";7;17;0,00137586024127594;4;6;6;11;0,00117693683513775;0,0020781522948268
"P46782";"P46782";"P46782";"RS5_HUMAN";"40S ribosomal protein S5";"RPS5";7;16;0,00344679174631065;2;7;5;11;0,00261060744068546;0,0055315524318184
"P50914";"P50914";"P50914";"RL14_HUMAN";"60S ribosomal protein L14";"RPL14";7;29;0,00592768022417843;7;7;12;17;0,0059448995486493;0,00811138428479755
"P51572-1,P51572-2";"P51572-1,P51572-2";"P51572-[1,2]";"BAP31_HUMAN";"B-cell receptor-associated protein 31";"BCAP31";7;19;0,00169712459460113;6;7;10;9;NA;NA
"P78371-1,P78371-2";"P78371-1,P78371-2";"P78371-[1,2]";"TCPB_HUMAN";"T-complex protein 1 subunit beta";"CCT2";7;13;0,000533930590608402;4;6;5;8;NA;NA
"P83731";"P83731";"P83731";"RL24_HUMAN";"60S ribosomal protein L24";"RPL24";7;20;0,00559829232681029;7;5;11;9;0,00746267910432888;0,00588067762873108
"Q01518-1,Q01518-2";"Q01518-1,Q01518-2";"Q01518-[1,2]";"CAP1_HUMAN";"Adenylyl cyclase-associated protein 1";"CAP1";7;17;0,000786412748434561;5;6;8;9;NA;NA
"Q02543";"Q02543";"Q02543";"RL18A_HUMAN";"60S ribosomal protein L18a";"RPL18A";7;22;0,00549332434568259;7;6;12;10;0,00726223524408864;0,00582870194261856
"Q02790";"Q02790";"Q02790";"FKBP4_HUMAN";"Peptidyl-prolyl cis-trans isomerase FKBP4";"FKBP4";7;16;0,00153190744280473;4;7;6;10;0,00139232396836558;0,00223497067952258
"Q16658";"Q16658";"Q16658";"FSCN1_HUMAN";"Fascin";"FSCN1";7;17;0,00151539981949865;5;6;8;9;0,00172840216762623;0,00187275129353099
"Q96PK6-1";"Q96PK6-1";"Q96PK6-1";"RBM14_HUMAN";"RNA-binding protein 14";"RBM14";7;10;0,000656899772278935;7;NA;10;NA;NA;NA
"P11586";"P11586";"P11586";"C1TC_HUMAN";"C-1-tetrahydrofolate synthase, cytoplasmic";"MTHFD1";6;16;0,000752027290104141;5;5;8;8;0,000911339324748378;0,000877733939594324
"P17844";"P17844";"P17844";"DDX5_HUMAN";"Probable ATP-dependent RNA helicase DDX5";"DDX5";6;11;0,00131219474055393;5;3;8;3;0,00196603400744781;0,00108599918930873
"P18669";"P18669";"P18669";"PGAM1_HUMAN";"Phosphoglycerate mutase 1";"PGAM1";11;25;0,00432545224069495;6;10;11;14;0,00461275834401431;0,00565429983724887
"P20700";"P20700";"P20700";"LMNB1_HUMAN";"Lamin-B1";"LMNB1";6;14;0,00104991864627381;4;5;6;8;0,0010905745759041;0,00140047992068378
"P23284";"P23284";"P23284";"PPIB_HUMAN";"Peptidyl-prolyl cis-trans isomerase B";"PPIB";6;15;0,00305184685871255;3;6;6;9;0,00295868843277685;0,00427438142458694
"P24752";"P24752";"P24752";"THIL_HUMAN";"Acetyl-CoA acetyltransferase, mitochondrial";"ACAT1";6;10;0,00102919425680236;3;5;5;5;0,00124722229016354;0,00120123131370125
"P25786-1,P25786-2";"P25786-1,P25786-2";"P25786-[1,2]";"PSA1_HUMAN";"Proteasome subunit alpha type-1";"PSMA1";6;14;0,00116968122949896;3;6;5;9;NA;NA
"P27348";"P27348";"P27348";"1433T_HUMAN";"14-3-3 protein theta";"YWHAQ";6;17;0,00384555720160105;5;5;8;9;0,00436159863738772;0,00476602431620692
"P27695";"P27695";"P27695";"APEX1_HUMAN";"DNA-(apurinic or apyrimidinic site) lyase";"APEX1";6;9;0,00124377154996587;4;4;4;5;0,00133978344125744;0,00161297412248564
"P40227";"P40227";"P40227";"TCPZ_HUMAN";"T-complex protein 1 subunit zeta";"CCT6A";6;9;0,00074485753839764;3;5;3;6;0,000601767138869868;0,00115915428463375
"P40939";"P40939";"P40939";"ECHA_HUMAN";"Trifunctional enzyme subunit alpha, mitochondrial";"HADHA";6;12;0,000691165317412226;5;5;6;6;0,000837584143485977;0,00080669846021038
"P41252";"P41252";"P41252";"SYIC_HUMAN";"Isoleucine--tRNA ligase, cytoplasmic";"IARS";6;11;0,000383052727749658;6;2;9;2;0,000759599882899921;0,000162575521695858
"P46783";"P46783";"P46783";"RS10_HUMAN";"40S ribosomal protein S10";"RPS10";6;10;0,0026634299857855;3;5;3;7;0,0019365960650903;0,00435209745048852
"P48643";"P48643";"P48643";"TCPE_HUMAN";"T-complex protein 1 subunit epsilon";"CCT5";6;12;0,000974785835832771;4;6;4;8;0,000787525202069994;0,00151697085678501
"P49736";"P49736";"P49736";"MCM2_HUMAN";"DNA replication licensing factor MCM2";"MCM2";6;10;0,000486134897848017;3;5;3;7;0,000353471626924668;0,00079435407005598
"P52566";"P52566";"P52566";"GDIR2_HUMAN";"Rho GDP-dissociation inhibitor 2";"ARHGDIB";6;19;0,00415415572409828;5;6;8;11;0,00423931476935191;0,00561411291587539
"P60709,P63261";"P60709,P63261";"P60709, P63261";"ACTB_HUMAN, ACTG_HUMAN";"Actin, cytoplasmic 1, Actin, cytoplasmic 2";"ACTB, ACTG1";8;71;0,0110034955041208;7;7;32;39;0,0115162889212806;0,0146125224632765
"P62829";"P62829";"P62829";"RL23_HUMAN";"60S ribosomal protein L23";"RPL23";6;24;0,00753370195979327;5;5;14;10;0,0106512783579967;0,00732751101357762
"P67809";"P67809";"P67809";"YBOX1_HUMAN";"Nuclease-sensitive element-binding protein 1";"YBX1";8;22;0,00298402803963005;3;8;6;16;0,00197245895518457;0,00506593354025119
"Q01469";"Q01469";"Q01469";"FABP5_HUMAN";"Fatty acid-binding protein, epidermal";"FABP5";6;14;0,00455742464234408;5;5;7;7;0,00552288507451679;0,00531923021726375
"Q08211-1";"Q08211-1";"Q08211-1";"DHX9_HUMAN";"ATP-dependent RNA helicase A";"DHX9";6;11;0,000380639797181156;5;5;6;5;NA;NA
"Q12906-1,Q12906-2,Q12906-3,Q12906-4,Q12906-5,Q12906-6";"Q12906-1,Q12906-2,Q12906-3,Q12906-4,Q12906-5,Q12906-6";"Q12906-[1-6]";"ILF3_HUMAN";"Interleukin enhancer-binding factor 3";"ILF3";6;8;6,55430197844306e-05;4;2;6;2;NA;NA
"Q15233";"Q15233";"Q15233";"NONO_HUMAN";"Non-POU domain-containing octamer-binding protein";"NONO";6;11;0,00102635359324855;4;3;8;3;0,00180913432832215;0,000653408625414564
"Q9UQ35-1";"Q9UQ35-1";"Q9UQ35-1";"SRRM2_HUMAN";"Serine/arginine repetitive matrix protein 2";"SRRM2";6;8;0,000127751728969363;6;NA;8;NA;NA;NA
"P05109";"P05109";"P05109";"S10A8_HUMAN";"Protein S100-A8";"S100A8";5;10;0,00472544029736137;5;NA;10;NA;0,0114529874817168;NA
"P06454-1,P06454-2";"P06454-1,P06454-2";"P06454-[1,2]";"PTMA_HUMAN";"Prothymosin alpha";"PTMA";5;20;0,00395915268157304;4;5;7;13;NA;NA
"P10768";"P10768";"P10768";"ESTD_HUMAN";"S-formylglutathione hydrolase";"ESD";5;10;0,00155838988530003;5;2;8;2;0,00302163925049551;0,000727554285036075
"P22234-1,P22234-2";"P22234-1,P22234-2";"P22234-[1,2]";"PUR6_HUMAN";"Multifunctional protein ADE2";"PAICS";5;5;0,000258509380973298;2;3;2;3;NA;NA
"P22695";"P22695";"P22695";"QCR2_HUMAN";"Cytochrome b-c1 complex subunit 2, mitochondrial";"UQCRC2";5;6;0,000582074102853785;NA;5;NA;6;NA;0,00135874376410711
"P23588";"P23588";"P23588";"IF4B_HUMAN";"Eukaryotic translation initiation factor 4B";"EIF4B";5;8;0,000575405496110779;NA;5;NA;8;NA;0,00134317714160506
"P31946-1,P31946-2";"P31946-1,P31946-2";"P31946-[1,2]";"1433B_HUMAN";"14-3-3 protein beta/alpha";"YWHAB";5;16;0,00180231757894262;5;5;7;9;NA;NA
"P32119-1";"P32119-1";"P32119-1";"PRDX2_HUMAN";"Peroxiredoxin-2";"PRDX2";5;13;0,00312092391191532;5;3;7;6;NA;NA
"P33991";"P33991";"P33991";"MCM4_HUMAN";"DNA replication licensing factor MCM4";"MCM4";5;7;0,000356461371214629;3;4;3;4;0,000370264601089108;0,000475481595319057
"P39019";"P39019";"P39019";"RS19_HUMAN";"40S ribosomal protein S19";"RPS19";5;9;0,00272771967509756;2;4;4;5;0,0029382836849646;0,00353741911000299
"P39687";"P39687";"P39687";"AN32A_HUMAN";"Acidic leucine-rich nuclear phosphoprotein 32 family member A";"ANP32A";5;5;0,00147076957046388;0;5;0;5;NA;0,00308991428283393
"P46778";"P46778";"P46778";"RL21_HUMAN";"60S ribosomal protein L21";"RPL21";5;10;0,0027466621728413;4;4;5;5;0,00332852448687396;0,00320578606844021
"P46940";"P46940";"P46940";"IQGA1_HUMAN";"Ras GTPase-activating-like protein IQGAP1";"IQGAP1";5;5;0,000132608916009236;5;NA;5;NA;0,000321402485153792;NA
"P52272-1,P52272-2";"P52272-1,P52272-2";"P52272-[1,2]";"HNRPM_HUMAN";"Heterogeneous nuclear ribonucleoprotein M";"HNRNPM";5;7;0,000210702851615223;4;3;4;3;NA;NA
"P54577";"P54577";"P54577";"SYYC_HUMAN";"Tyrosine--tRNA ligase, cytoplasmic";"YARS";5;7;0,000582625309390578;NA;5;NA;7;NA;0,00136003045327766
"P61353";"P61353";"P61353";"RL27_HUMAN";"60S ribosomal protein L27";"RPL27";5;17;0,00549332434568259;5;5;10;7;0,00783182232205638;0,00528011823037211
"P61981";"P61981";"P61981";"1433G_HUMAN";"14-3-3 protein gamma";"YWHAG";5;15;0,00317135496293951;4;4;7;8;0,00353394838381246;0,00397562204764881
"P62241";"P62241";"P62241";"RS8_HUMAN";"40S ribosomal protein S8";"RPS8";5;17;0,003591788995254;5;5;9;8;0,00460872621259471;0,00394558285346487
"P62249";"P62249";"P62249";"RS16_HUMAN";"40S ribosomal protein S16";"RPS16";5;15;0,00451506110604049;4;4;8;7;0,00583631690849133;0,00491846629678497
"P62263";"P62263";"P62263";"RS14_HUMAN";"40S ribosomal protein S14";"RPS14";5;14;0,00407451871997649;5;3;8;6;0,00564306138172009;0,00407623129232132
"P62750";"P62750";"P62750";"RL23A_HUMAN";"60S ribosomal protein L23a";"RPL23A";5;13;0,00366221623045506;4;4;7;6;0,00477941977602415;0,00394558285346487
"P62805";"P62805";"P62805";"H4_HUMAN";"Histone H4";"HIST1H4J,HIST1H4D,HIST1H4K,HIST1H4C,HIST2H4A,HIST4H4,HIST1H4E,HIST1H4A,HIST1H4B,HIST1H4I,HIST2H4B,HIST1H4H,HIST1H4L,HIST1H4F";5;21;0,00895998534053083;5;4;12;9;0,0124092563394136;0,00896375133699786
"P62826";"P62826";"P62826";"RAN_HUMAN";"GTP-binding nuclear protein Ran";"RAN";5;12;0,00244147748697004;4;4;6;6;0,00295868843277685;0,00284958761639129
"P63244";"P63244";"P63244";"GBLP_HUMAN";"Guanine nucleotide-binding protein subunit beta-2-like 1";"GNB2L1";5;6;0,000831796746349415;NA;5;NA;6;NA;0,00194167484271457
"P68036";"P68036";"P68036";"UB2L3_HUMAN";"Ubiquitin-conjugating enzyme E2 L3";"UBE2L3";5;11;0,0031390424832472;5;2;9;2;0,00622477306636169;0,00133227472974138
"Q04637-1,Q04637-3,Q04637-4,Q04637-5,Q04637-6";"Q04637-1,Q04637-3,Q04637-4,Q04637-5,Q04637-6";"Q04637-[1,3-6]";"IF4G1_HUMAN";"Eukaryotic translation initiation factor 4 gamma 1";"EIF4G1";5;9;4,9470838385134e-05;3;4;5;4;NA;NA
"Q14566";"Q14566";"Q14566";"MCM6_HUMAN";"DNA replication licensing factor MCM6";"MCM6";5;7;0,000374696910302345;2;5;2;5;0,00025947084915948;0,000624757333678968
"Q15056-1,Q15056-2";"Q15056-1,Q15056-2";"Q15056-[1,2]";"IF4H_HUMAN";"Eukaryotic translation initiation factor 4H";"EIF4H";5;8;0,000708816044604205;2;5;2;6;NA;NA
"Q15365";"Q15365";"Q15365";"PCBP1_HUMAN";"Poly(rC)-binding protein 1";"PCBP1";5;16;0,00244539639144351;4;5;7;9;0,00272265823195982;0,00306498034735448
"Q16181-1,Q16181-2";"Q16181-1,Q16181-2";"Q16181-[1,2]";"SEPT7_HUMAN";"Septin-7";"SEPT7";5;11;0,000691379494307878;5;3;7;4;NA;NA
"Q92598-1,Q92598-2,Q92598-3";"Q92598-1,Q92598-2,Q92598-3";"Q92598-[1-3]";"HS105_HUMAN";"Heat shock protein 105 kDa";"HSPH1";5;5;9,39029802680785e-05;NA;5;NA;5;NA;NA
"Q92945";"Q92945";"Q92945";"FUBP2_HUMAN";"Far upstream element-binding protein 2";"KHSRP";5;11;0,000788689942626272;4;3;7;4;0,00127335957866346;0,000629598184519135
"Q96AE4-1,Q96AE4-2";"Q96AE4-1,Q96AE4-2";"Q96AE4-[1,2]";"FUBP1_HUMAN";"Far upstream element-binding protein 1";"FUBP1";5;14;0,000554109238347114;5;5;7;7;NA;NA
"Q99497";"Q99497";"Q99497";"PARK7_HUMAN";"Protein DJ-1";"PARK7";5;8;0,00186017332340575;NA;5;NA;8;NA;0,00434222874878673
"Q99798";"Q99798";"Q99798";"ACON_HUMAN";"Aconitate hydratase, mitochondrial";"ACO2";5;8;0,000450734305286777;4;2;6;2;0,000819329104461282;0,000263038856897658
"Q9P258";"Q9P258";"Q9P258";"RCC2_HUMAN";"Protein RCC2";"RCC2";5;13;0,00109445542519347;3;5;5;8;0,00102023739061271;0,00157218627111244
"Q9Y383-1,Q9Y383-2";"Q9Y383-1,Q9Y383-2";"Q9Y383-[1,2]";"LC7L2_HUMAN";"Putative RNA-binding protein Luc7-like 2";"LUC7L2";7;17;0,000952923610985756;6;6;7;10;NA;NA
"O43175";"O43175";"O43175";"SERA_HUMAN";"D-3-phosphoglycerate dehydrogenase";"PHGDH";4;12;0,000989416767702681;3;4;6;6;0,00119901820165066;0,00115480473759947
"O75347";"O75347";"O75347";"TBCA_HUMAN";"Tubulin-specific chaperone A";"TBCA";4;5;0,00203456457247503;NA;4;NA;5;NA;0,00474931269398549
"O75947-1,O75947-2";"O75947-1,O75947-2";"O75947-[1,2]";"ATP5H_HUMAN";"ATP synthase subunit d, mitochondrial";"ATP5H";4;5;0,000682400539836347;NA;4;NA;5;NA;NA
"O76094";"O76094";"O76094";"SRP72_HUMAN";"Signal recognition particle 72 kDa protein";"SRP72";4;9;0,000589447619804988;2;4;2;7;0,000317474764768902;0,00107018789766111
"P04844-1,P04844-2";"P04844-1,P04844-2";"P04844-[1,2]";"RPN2_HUMAN";"Dolichyl-diphosphooligosaccharide--protein glycosyltransferase subunit 2";"RPN2";4;5;0,000174114876249844;3;1;4;1;NA;NA
"P05165-1,P05165-2";"P05165-1,P05165-2";"P05165-[1,2]";"PCCA_HUMAN";"Propionyl-CoA carboxylase alpha chain, mitochondrial";"PCCA";41;210;0,0063384511680953;41;33;122;88;NA;NA
"P05388,Q8NHW5";"P05388,Q8NHW5";"P05388, Q8NHW5";"RLA0_HUMAN, RLA0L_HUMAN";"60S acidic ribosomal protein P0, 60S acidic ribosomal protein P0-like";"RPLP0, RPLP0P6";4;11;0,000762480350820297;3;4;4;7;0,000672004943722187;0,00113264365825017
"P09211";"P09211";"P09211";"GSTP1_HUMAN";"Glutathione S-transferase P";"GSTP1";4;10;0,00209269498883146;4;3;6;4;0,00304322238799905;0,00195400293695403
"P09651-1,P09651-2,P09651-3";"P09651-1,P09651-2,P09651-3";"P09651-[1-3]";"ROA1_HUMAN";"Heterogeneous nuclear ribonucleoprotein A1";"HNRNPA1";8;27;0,00110846764422147;7;7;15;12;NA;NA
"P09874";"P09874";"P09874";"PARP1_HUMAN";"Poly [ADP-ribose] polymerase 1";"PARP1";4;4;0,000173359348187222;4;NA;4;NA;0,000420168771518606;NA
"P10599";"P10599";"P10599";"THIO_HUMAN";"Thioredoxin";"TXN";4;10;0,00418538997766293;3;4;4;6;0,0040576298506654;0,00586200881086209
"P11142-1";"P11142-1";"P11142-1";"HSP7C_HUMAN";"Heat shock cognate 71 kDa protein";"HSPA8";13;42;0,00398416992602938;13;12;19;23;NA;NA
"P11940-1,P11940-2";"P11940-1,P11940-2";"P11940-[1,2]";"PABP1_HUMAN";"Polyadenylate-binding protein 1";"PABPC1";10;21;0,000725533404146758;5;10;7;14;NA;NA
"P12004";"P12004";"P12004";"PCNA_HUMAN";"Proliferating cell nuclear antigen";"PCNA";4;11;0,00185215533494279;2;4;3;8;0,00122428486873525;0,00314437254222488
"P18077";"P18077";"P18077";"RL35A_HUMAN";"60S ribosomal protein L35a";"RPL35A";4;9;0,00359563048081042;3;3;3;6;0,00290489409763546;0,00559555386491382
"P21291";"P21291";"P21291";"CSRP1_HUMAN";"Cysteine and glycine-rich protein 1";"CSRP1";4;11;0,00250472819906771;3;4;5;6;0,00275939853834111;0,00318917577793015
"P29966";"P29966";"P29966";"MARCS_HUMAN";"Myristoylated alanine-rich C-kinase substrate";"MARCKS";4;5;0,000661846306708746;2;3;2;3;0,000641643274578113;0,00092697428485018
"P30086";"P30086";"P30086";"PEBP1_HUMAN";"Phosphatidylethanolamine-binding protein 1";"PEBP1";4;17;0,00399514497867825;4;4;8;9;0,00455669662374189;0,00493725341021807
"P33992";"P33992";"P33992";"MCM5_HUMAN";"DNA replication licensing factor MCM5";"MCM5";4;4;0,000239490979648287;NA;4;NA;4;NA;0,000559047161798837
"P33993-1";"P33993-1";"P33993-1";"MCM7_HUMAN";"DNA replication licensing factor MCM7";"MCM7";4;4;0,000244487314411464;2;2;2;2;NA;NA
"P34932";"P34932";"P34932";"HSP74_HUMAN";"Heat shock 70 kDa protein 4";"HSPA4";4;5;0,000287745560964326;3;2;3;2;0,000380402798499881;0,000279143276707719
"P48047";"P48047";"P48047";"ATPO_HUMAN";"ATP synthase subunit O, mitochondrial";"ATP5O";4;12;0,00247586449382877;3;4;5;7;0,00250030008403678;0,00337134309544886
"P48735";"P48735";"P48735";"IDHP_HUMAN";"Isocitrate dehydrogenase [NADP], mitochondrial";"IDH2";4;10;0,00112184976426465;3;2;7;3;0,00185572604135451;0,000817049900629008
"P49588";"P49588";"P49588";"SYAC_HUMAN";"Alanine--tRNA ligase, cytoplasmic";"AARS";4;6;0,000272396248546244;NA;4;NA;6;NA;0,000635858393740206
"P50552";"P50552";"P50552";"VASP_HUMAN";"Vasodilator-stimulated phosphoprotein";"VASP";4;6;0,000693893601559906;NA;4;NA;6;NA;0,00161976559247505
"P51991-1,P51991-2";"P51991-1,P51991-2";"P51991-[1,2]";"ROA3_HUMAN";"Heterogeneous nuclear ribonucleoprotein A3";"HNRNPA3";4;9;0,000523173747207866;3;4;3;6;NA;NA
"P57737-1,P57737-2";"P57737-1,P57737-2";"P57737-[1,2]";"CORO7_HUMAN";"Coronin-7";"CORO7";4;7;0,000166284412626068;3;4;3;4;NA;NA
"P60866-1,P60866-2";"P60866-1,P60866-2";"P60866-[1,2]";"RS20_HUMAN";"40S ribosomal protein S20";"RPS20";4;14;0,00258509380973298;3;4;6;8;NA;NA
"P61586";"P61586";"P61586";"RHOA_HUMAN";"Transforming protein RhoA";"RHOA";6;18;0,00409864614392898;5;4;10;8;0,00551879707668221;0,00425223437057354
"P61604";"P61604";"P61604";"CH10_HUMAN";"10 kDa heat shock protein, mitochondrial";"HSPE1";4;18;0,00775528142919896;4;4;8;10;0,00835394381019347;0,0100573680578516
"P62244";"P62244";"P62244";"RS15A_HUMAN";"40S ribosomal protein S15a";"RPS15A";4;12;0,00405660874758099;3;4;6;6;0,00491597462676769;0,00473469942415784
"P62266";"P62266";"P62266";"RS23_HUMAN";"40S ribosomal protein S23";"RPS23";4;7;0,00215123191159598;4;2;5;2;0,00372422320209674;0,00143475740125995
"P62328";"P62328";"P62328";"TYB4_HUMAN";"Thymosin beta-4";"TMSB4X";4;17;0,0169793661593826;2;4;6;11;0,0145244704881773;0,0256462885475217
"P62847-1,P62847-2,P62847-3";"P62847-1,P62847-2,P62847-3";"P62847-[1-3]";"RS24_HUMAN";"40S ribosomal protein S24";"RPS24";4;10;0,00110141841517445;4;3;6;4;NA;NA
"P62906";"P62906";"P62906";"RL10A_HUMAN";"60S ribosomal protein L10a";"RPL10A";4;13;0,00263274530852991;3;4;6;7;0,00294505392387005;0,00330919852226086
"P63173";"P63173";"P63173";"RL38_HUMAN";"60S ribosomal protein L38";"RPL38";4;8;0,00502246797319551;4;1;6;2;0,00912966716399715;0,00293100440543105
"P84098";"P84098";"P84098";"RL19_HUMAN";"60S ribosomal protein L19";"RPL19";4;15;0,00355010757033909;4;4;9;6;0,0048908931235699;0,0035889849862421
"Q01813";"Q01813";"Q01813";"K6PP_HUMAN";"6-phosphofructokinase type C";"PFKP";4;8;0,000548086782789193;3;3;5;3;0,000815148853928317;0,000490681541087787
"Q06323";"Q06323";"Q06323";"PSME1_HUMAN";"Proteasome activator complex subunit 1";"PSME1";4;9;0,00158843113610099;2;4;4;5;0,0017110487322083;0,00205994285522262
"Q13451";"Q13451";"Q13451";"FKBP5_HUMAN";"Peptidyl-prolyl cis-trans isomerase FKBP5";"FKBP5";4;4;0,000384652908231604;NA;4;NA;4;NA;0,000897900693129861
"Q14244-1,Q14244-2,Q14244-3,Q14244-4,Q14244-5";"Q14244-1,Q14244-2,Q14244-3,Q14244-4,Q14244-5";"Q14244-[1-5]";"MAP7_HUMAN";"Ensconsin";"MAP7";4;6;7,04084295307782e-05;4;NA;6;NA;NA;NA
"Q14839-1,Q14839-2";"Q14839-1,Q14839-2";"Q14839-[1,2]";"CHD4_HUMAN";"Chromodomain-helicase-DNA-binding protein 4";"CHD4";4;11;0,000126415413812779;2;4;2;9;NA;NA
"Q15046-1,Q15046-2";"Q15046-1,Q15046-2";"Q15046-[1,2]";"SYK_HUMAN";"Lysine--tRNA ligase";"KARS";4;7;0,000257643352896336;3;3;3;4;NA;NA
"Q15084-1,Q15084-2";"Q15084-1,Q15084-2";"Q15084-[1,2]";"PDIA6_HUMAN";"Protein disulfide-isomerase A6";"PDIA6";4;11;0,000549332434568259;3;4;5;6;NA;NA
"Q15637-1,Q15637-2,Q15637-3,Q15637-4,Q15637-5,Q15637-6";"Q15637-1,Q15637-2,Q15637-3,Q15637-4,Q15637-5,Q15637-6";"Q15637-[1-6]";"SF01_HUMAN";"Splicing factor 1";"SF1";4;9;0,000103161020576199;1;4;1;8;NA;NA
"Q16555";"Q16555";"Q16555";"DPYL2_HUMAN";"Dihydropyrimidinase-related protein 2";"DPYSL2";6;15;0,00115244566692642;4;5;6;9;0,00111726696062902;0,00161410207641745
"Q86UE4";"Q86UE4";"Q86UE4";"LYRIC_HUMAN";"Protein LYRIC";"MTDH";4;5;0,000377548064995367;1;4;1;4;0,000183011655635682;0,000705052606117434
"Q8IYB3-1,Q8IYB3-2";"Q8IYB3-1,Q8IYB3-2";"Q8IYB3-[1,2]";"SRRM1_HUMAN";"Serine/arginine repetitive matrix protein 1";"SRRM1";4;5;0,000121533724462004;NA;4;NA;5;NA;NA
"Q8NE71-1,Q8NE71-2";"Q8NE71-1,Q8NE71-2";"Q8NE71-[1,2]";"ABCF1_HUMAN";"ATP-binding cassette sub-family F member 1";"ABCF1";4;10;0,000260039022280833;3;4;3;7;NA;NA
"Q9NUQ9";"Q9NUQ9";"Q9NUQ9";"FA49B_HUMAN";"Protein FAM49B";"FAM49B";4;4;0,000542550552660009;NA;4;NA;4;NA;0,0012664833850628
"Q9P0L0-1,Q9P0L0-2";"Q9P0L0-1,Q9P0L0-2";"Q9P0L0-[1,2]";"VAPA_HUMAN";"Vesicle-associated membrane protein-associated protein A";"VAPA";4;4;0,000352984696911331;NA;4;NA;4;NA;NA
"Q9Y2W1";"Q9Y2W1";"Q9Y2W1";"TR150_HUMAN";"Thyroid hormone receptor-associated protein 3";"THRAP3";4;12;0,000552208520613119;4;3;9;3;0,00100378539499445;0,000322257028869382
"O14949";"O14949";"O14949";"QCR8_HUMAN";"Cytochrome b-c1 complex subunit 8";"UQCRQ";3;3;0,00160780224751686;3;NA;3;NA;0,00389680915536464;NA
"O15143";"O15143";"O15143";"ARC1B_HUMAN";"Actin-related protein 2/3 complex subunit 1B";"ARPC1B";3;5;0,000590680037170171;1;3;1;4;0,000286324687042921;0,00110306617408695
"O43707";"O43707";"O43707";"ACTN4_HUMAN";"Alpha-actinin-4";"ACTN4";3;3;0,000144719851038839;NA;3;NA;3;NA;0,000337821583501932
"O60234";"O60234";"O60234";"GMFG_HUMAN";"Glia maturation factor gamma";"GMFG";3;3;0,00092844918518579;NA;3;NA;3;NA;0,00216729198993141
"O75533";"O75533";"O75533";"SF3B1_HUMAN";"Splicing factor 3B subunit 1";"SF3B1";3;3;0,000101104129061643;NA;3;NA;3;NA;0,000236008790314616
"O94776";"O94776";"O94776";"MTA2_HUMAN";"Metastasis-associated protein MTA2";"MTA2";3;3;0,00019736494655147;3;NA;3;NA;0,000478350824460928;NA
"P04040";"P04040";"P04040";"CATA_HUMAN";"Catalase";"CAT";3;4;0,00033356049157845;NA;3;NA;4;NA;0,00077863494641432
"P05141";"P05141";"P05141";"ADT2_HUMAN";"ADP/ATP translocase 2";"SLC25A5";9;22;0,00324437947932932;7;8;12;10;0,00428910537905906;0,00344245483859351
"P05455";"P05455";"P05455";"LA_HUMAN";"Lupus La protein";"SSB";3;7;0,000753985694505454;2;3;2;5;0,000522121488137092;0,00125717100723145
"P06702";"P06702";"P06702";"S10A9_HUMAN";"Protein S100-A9";"S100A9";3;4;0,00154198578124424;3;NA;4;NA;0,00373729065192866;NA
"P06753-2";"P06753-2";"P06753-2";"TPM3_HUMAN";"Tropomyosin alpha-3 chain";"TPM3";8;18;0,00384185869732051;3;8;5;13;NA;NA
"P07437";"P07437";"P07437";"TBB5_HUMAN";"Tubulin beta chain";"TUBB";3;11;0,00838727642483241;3;3;6;5;0,0101783451490509;0,00973700787840269
"P12814-1,P12814-2,P12814-3";"P12814-1,P12814-2,P12814-3";"P12814-[1-3]";"ACTN1_HUMAN";"Alpha-actinin-1";"ACTN1";3;3;4,92674829209201e-05;NA;3;NA;3;NA;NA
"P14868";"P14868";"P14868";"SYDC_HUMAN";"Aspartate--tRNA ligase, cytoplasmic";"DARS";3;3;0,000263153262068627;2;1;2;1;0,000425200732854158;0,00020476078680656
"P18621";"P18621";"P18621";"RL17_HUMAN";"60S ribosomal protein L17";"RPL17";3;11;0,00262724207836994;3;3;6;5;0,003473242942825;0,00278764005951322
"P21796";"P21796";"P21796";"VDAC1_HUMAN";"Voltage-dependent anion-selective channel protein 1";"VDAC1";3;9;0,00237591130710795;3;2;6;3;0,00376370259999882;0,00190308148232493
"P23193-1,P23193-2";"P23193-1,P23193-2";"P23193-[1,2]";"TCEA1_HUMAN";"Transcription elongation factor A protein 1";"TCEA1";4;10;0,000730009879824929;3;4;3;7;NA;NA
"P23246-1";"P23246-1";"P23246-1";"SFPQ_HUMAN";"Splicing factor, proline- and glutamine-rich";"SFPQ";7;15;0,000932388856410058;4;6;7;8;NA;NA
"P23526";"P23526";"P23526";"SAHH_HUMAN";"Adenosylhomocysteinase";"AHCY";3;6;0,00061036937174251;NA;3;NA;6;NA;0,00142479380819565
"P28062-1,P28062-2";"P28062-1,P28062-2";"P28062-[1,2]";"PSB8_HUMAN";"Proteasome subunit beta type-8";"PSMB8";3;3;0,000238840188942721;3;NA;3;NA;NA;NA
"P30040";"P30040";"P30040";"ERP29_HUMAN";"Endoplasmic reticulum resident protein 29";"ERP29";3;4;0,000673511030888287;2;2;2;2;0,000816189912490166;0,000786093135556219
"P30049";"P30049";"P30049";"ATPD_HUMAN";"ATP synthase subunit delta, mitochondrial";"ATP5D";3;5;0,00130793436801966;2;3;2;3;0,00126800932833294;0,0018318777533944
"P31930";"P31930";"P31930";"QCR1_HUMAN";"Cytochrome b-c1 complex subunit 1, mitochondrial";"UQCRC1";3;5;0,000457777028806883;2;2;2;3;0,000443803264916528;0,000641157213688041
"P32969";"P32969";"P32969";"RL9_HUMAN";"60S ribosomal protein L9";"RPL9,RPL9P8,RPL9P7,RPL9P9";3;4;0,000915554057613765;2;2;2;2;0,00110950816229132;0,00106859535614674
"P35232";"P35232";"P35232";"PHB_HUMAN";"Prohibitin";"PHB";3;6;0,000969410178649869;3;3;3;3;0,00117477334830846;0,00113145390650831
"P38117-1,P38117-2";"P38117-1,P38117-2";"P38117-[1,2]";"ETFB_HUMAN";"Electron transfer flavoprotein subunit beta";"ETFB";3;6;0,000517018761946597;3;1;4;2;NA;NA
"P39748";"P39748";"P39748";"FEN1_HUMAN";"Flap endonuclease 1";"FEN1";3;7;0,000809542535153224;3;2;5;2;0,00140148399447325;0,000539921864158351
"P40429";"P40429";"P40429";"RL13A_HUMAN";"60S ribosomal protein L13a";"RPL13A";4;6;0,00129891413099884;4;2;4;2;0,002098774060689;0,00101069117428657
"P42167-1";"P42167-1";"P42167-1";"LAP2B_HUMAN";"Lamina-associated polypeptide 2, isoforms beta/gamma";"TMPO";11;30;0,00290396000652824;8;10;13;17;NA;NA
"P42765";"P42765";"P42765";"THIM_HUMAN";"3-ketoacyl-CoA thiolase, mitochondrial";"ACAA2";3;3;0,000332090136766706;3;NA;3;NA;0,000804882495566499;NA
"P46776";"P46776";"P46776";"RL27A_HUMAN";"60S ribosomal protein L27a";"RPL27A";3;10;0,00296936451117978;2;3;4;6;0,00287872388053964;0,00415885760230081
"P49207";"P49207";"P49207";"RL34_HUMAN";"60S ribosomal protein L34";"RPL34";3;7;0,0026292834475062;2;3;4;3;0,00364146268649459;0,00263038856897658
"P51858";"P51858";"P51858";"HDGF_HUMAN";"Hepatoma-derived growth factor";"HDGF";3;3;0,000549332434568259;NA;3;NA;3;NA;0,00128231442737608
"P52209";"P52209";"P52209";"6PGD_HUMAN";"6-phosphogluconate dehydrogenase, decarboxylating";"PGD";3;7;0,000636907170513924;2;3;2;5;0,000441046722898413;0,0010619581179098
"P52565";"P52565";"P52565";"GDIR1_HUMAN";"Rho GDP-dissociation inhibitor 1";"ARHGDIA";3;8;0,00172339587315532;3;3;3;5;0,00156636446441128;0,00251434201446291
"P53999";"P53999";"P53999";"TCP4_HUMAN";"Activated RNA polymerase II transcriptional coactivator p15";"SUB1";3;7;0,00242225325478917;3;3;3;4;0,00251605000582599;0,00323102847842792
"P62081";"P62081";"P62081";"RS7_HUMAN";"40S ribosomal protein S7";"RPS7";3;3;0,000679586516991661;3;NA;3;NA;0,00164710490072113;NA
"P62158";"P62158";"P62158";"CALM_HUMAN";"Calmodulin";"CALM2,CALM1,CALM3";3;6;0,00176966153417963;NA;3;NA;6;NA;0,00413094580631221
"P62277";"P62277";"P62277";"RS13_HUMAN";"40S ribosomal protein S13";"RPS13";3;8;0,00232829641141514;3;2;6;2;0,00423229603629007;0,00135874376410711
"P62841";"P62841";"P62841";"RS15_HUMAN";"40S ribosomal protein S15";"RPS15";3;5;0,00151539981949865;NA;3;NA;5;NA;0,00353741911000299
"P62851";"P62851";"P62851";"RS25_HUMAN";"40S ribosomal protein S25";"RPS25";3;8;0,00281258206498949;2;3;3;5;0,0025563068059192;0,00410340616760346
"P62857";"P62857";"P62857";"RS28_HUMAN";"40S ribosomal protein S28";"RPS28";3;8;0,00509525736411139;2;3;3;5;0,00463099059043333;0,0074337068253686
"P62888";"P62888";"P62888";"RL30_HUMAN";"60S ribosomal protein L30";"RPL30";3;8;0,0042035873253919;3;3;3;5;0,00370479247234667;0,00624431373330962
"P62913-1,P62913-2";"P62913-1,P62913-2";"P62913-[1,2]";"RL11_HUMAN";"60S ribosomal protein L11";"RPL11";3;9;0,00111100941822794;3;3;4;5;NA;NA
"P63241-1,P63241-2";"P63241-1,P63241-2";"P63241-[1,2]";"IF5A1_HUMAN";"Eukaryotic translation initiation factor 5A-1";"EIF5A";7;19;0,00271099123553167;5;6;8;11;NA;NA
"P67936-1";"P67936-1";"P67936-1";"TPM4_HUMAN";"Tropomyosin alpha-4 chain";"TPM4";5;11;0,00268861258298147;4;3;5;6;NA;NA
"P68431,P84243,Q16695,Q71DI3";"P68431,P84243,Q16695,Q71DI3";"P68431, P84243, Q16695, Q71DI3";"H31_HUMAN, H31T_HUMAN, H32_HUMAN, H33_HUMAN";"Histone H3.1, Histone H3.1t, Histone H3.2, Histone H3.3";"H3F3A,H3F3B, HIST1H3C,HIST1H3G,HIST1H3I,HIST1H3F,HIST1H3H,HIST1H3D,HIST1H3E,HIST1H3J,HIST1H3B,HIST1H3A, HIST2H3A,HIST2H3C,HIST2H3D, HIST3H3";4;9;0,000727057633987402;2;3;5;4;0,000978977790257047;0,000754302604338872
"P99999";"P99999";"P99999";"CYC_HUMAN";"Cytochrome c";"CYCS";3;4;0,00167415599106517;NA;3;NA;4;NA;0,00390800587390806
"Q00325-1,Q00325-2";"Q00325-1,Q00325-2";"Q00325-[1,2]";"MPCP_HUMAN";"Phosphate carrier protein, mitochondrial";"SLC25A3";3;7;0,000424898015688156;2;2;4;3;NA;NA
"Q02413";"Q02413";"Q02413";"DSG1_HUMAN";"Desmoglein-1";"DSG1";3;4;0,000167575194529879;3;NA;4;NA;0,000406149794394535;NA
"Q04446";"Q04446";"Q04446";"GLGB_HUMAN";"1,4-alpha-glucan-branching enzyme";"GBE1";3;5;0,000313009934226928;3;NA;5;NA;0,000758638059686373;NA
"Q07021";"Q07021";"Q07021";"C1QBP_HUMAN";"Complement component 1 Q subcomponent-binding protein, mitochondrial";"C1QBP";3;4;0,00062335595412001;NA;3;NA;4;NA;0,00145510857007215
"Q13085-1,Q13085-4";"Q13085-1,Q13085-4";"Q13085-[1,4]";"ACACA_HUMAN";"Acetyl-CoA carboxylase 1";"ACACA";130;716;0,00670625785423484;123;119;394;322;NA;NA
"Q13435";"Q13435";"Q13435";"SF3B2_HUMAN";"Splicing factor 3B subunit 2";"SF3B2";3;3;0,000147307021560204;NA;3;NA;3;NA;0,00034386085203381
"Q14103-1,Q14103-3";"Q14103-1,Q14103-3";"Q14103-[1,3]";"HNRPD_HUMAN";"Heterogeneous nuclear ribonucleoprotein D0";"HNRNPD";9;22;0,00146259402505811;8;6;12;10;NA;NA
"Q14498-1,Q14498-2,Q14498-3";"Q14498-1,Q14498-2,Q14498-3";"Q14498-[1-3]";"RBM39_HUMAN";"RNA-binding protein 39";"RBM39";3;6;0,000165836206662116;3;2;4;2;NA;NA
"Q15019-1,Q15019-2";"Q15019-1,Q15019-2";"Q15019-[1,2]";"SEPT2_HUMAN";"Septin-2";"SEPT2";3;7;0,000426075018501697;2;3;2;5;NA;NA
"Q16891-1,Q16891-2,Q16891-3";"Q16891-1,Q16891-2,Q16891-3";"Q16891-[1-3]";"IMMT_HUMAN";"Mitochondrial inner membrane protein";"IMMT";3;3;5,79770379491566e-05;NA;3;NA;3;NA;NA
"Q5D862";"Q5D862";"Q5D862";"FILA2_HUMAN";"Filaggrin-2";"FLG2";3;5;9,19000308771659e-05;3;NA;5;NA;0,00022273689581758;NA
"Q6JBY9-1";"Q6JBY9-1";"Q6JBY9-1";"CPZIP_HUMAN";"CapZ-interacting protein";"RCSD1";3;3;0,000316922558404765;NA;3;NA;3;NA;NA
"Q6P1L8";"Q6P1L8";"Q6P1L8";"RM14_HUMAN";"39S ribosomal protein L14, mitochondrial";"MRPL14";3;6;0,00181847978339838;3;2;4;2;0,0029382836849646;0,00141496764400119
"Q6P2I3,Q96GK7";"Q6P2I3,Q96GK7";"Q96GK7, Q6P2I3";"FAH2A_HUMAN, FAH2B_HUMAN";"Fumarylacetoacetate hydrolase domain-containing protein 2A, Fumarylacetoacetate hydrolase domain-containing protein 2B";"FAHD2A, FAHD2B";3;7;0,0004898505785959;3;2;5;2;0,000848031716401009;0,000326704312707282
"Q6PKG0-1,Q6PKG0-3";"Q6PKG0-1,Q6PKG0-3";"Q6PKG0-[1,3]";"LARP1_HUMAN";"La-related protein 1";"LARP1";3;8;0,000160389031990733;2;3;2;6;NA;NA
"Q86UP2-1,Q86UP2-2,Q86UP2-3";"Q86UP2-1,Q86UP2-2,Q86UP2-3";"Q86UP2-[1-3]";"KTN1_HUMAN";"Kinectin";"KTN1";3;4;4,31801471534864e-05;NA;3;NA;4;NA;NA
"Q96DT5";"Q96DT5";"Q96DT5";"DYH11_HUMAN";"Dynein heavy chain 11, axonemal";"DNAH11";3;3;2,91487473571484e-05;3;NA;3;NA;7,0647435494119e-05;NA
"Q9Y266";"Q9Y266";"Q9Y266";"NUDC_HUMAN";"Nuclear migration protein nudC";"NUDC";3;6;0,000796615010854273;3;3;3;3;0,00096537266084562;0,000929774811390513
"Q9Y3U8";"Q9Y3U8";"Q9Y3U8";"RL36_HUMAN";"60S ribosomal protein L36";"RPL36";3;6;0,00251123398659776;3;2;3;3;0,00304322238799905;0,00293100440543105
"O00483";"O00483";"O00483";"NDUA4_HUMAN";"NADH dehydrogenase [ubiquinone] 1 alpha subcomplex subunit 4";"NDUFA4";2;3;0,00162765165798003;1;2;1;2;0,00131497263678971;0,0025329667701256
"O43670-1,O43670-2";"O43670-1,O43670-2";"O43670-[1,2]";"ZN207_HUMAN";"Zinc finger protein 207";"ZNF207";2;2;9,19384827729304e-05;NA;2;NA;2;NA;NA
"O60506-1,O60506-2,O60506-3,O60506-4";"O60506-1,O60506-2,O60506-3,O60506-4";"O60506-[1-4]";"HNRPQ_HUMAN";"Heterogeneous nuclear ribonucleoprotein Q";"SYNCRIP";5;9;0,00024528779363474;2;5;3;6;NA;NA
"O75821";"O75821";"O75821";"EIF3G_HUMAN";"Eukaryotic translation initiation factor 3 subunit G";"EIF3G";2;2;0,00027466621728413;2;NA;2;NA;0,000665704897374792;NA
"O94804";"O94804";"O94804";"STK10_HUMAN";"Serine/threonine-protein kinase 10";"STK10";2;2;9,07987495154148e-05;NA;2;NA;2;NA;0,000211952797913402
"P00492";"P00492";"P00492";"HPRT_HUMAN";"Hypoxanthine-guanine phosphoribosyltransferase";"HPRT1";2;4;0,000806359536980931;NA;2;NA;4;NA;0,00188229640715755
"P00846";"P00846";"P00846";"ATP6_HUMAN";"ATP synthase subunit a";"MT-ATP6";2;2;0,000388907918278414;2;NA;2;NA;0,000942591005132449;NA
"P04792";"P04792";"P04792";"HSPB1_HUMAN";"Heat shock protein beta-1";"HSPB1";2;2;0,000428747266004495;NA;2;NA;2;NA;0,00100083077258621
"P05198";"P05198";"P05198";"IF2A_HUMAN";"Eukaryotic translation initiation factor 2 subunit 1";"EIF2S1";2;7;0,000976590994788017;2;2;4;3;0,00135254328355513;0,000977001468477016
"P05387";"P05387";"P05387";"RLA2_HUMAN";"60S acidic ribosomal protein P2";"RPLP2";2;4;0,00152857720923342;2;1;3;1;0,00277859435426;0,000892044819044231
"P08559-1,P08559-2,P08559-3,P08559-4";"P08559-1,P08559-2,P08559-3,P08559-4";"P08559-[1-4]";"ODPA_HUMAN";"Pyruvate dehydrogenase E1 component subunit alpha, somatic form, mitochondrial";"PDHA1";2;6;0,000169025364482541;2;2;3;3;NA;NA
"P08729";"P08729";"P08729";"K2C7_HUMAN";"Keratin, type II cytoskeletal 7";"KRT7";2;10;0,00105420052421819;2;2;4;6;0,00102153775255427;0,00147795775626265
"P08865";"P08865";"P08865";"RSSA_HUMAN";"40S ribosomal protein SA";"RPSA";2;4;0,000595886030718112;NA;2;NA;4;NA;0,0013909851415605
"P09382";"P09382";"P09382";"LEG1_HUMAN";"Galectin-1";"LGALS1";2;2;0,000651060663192011;NA;2;NA;2;NA;0,00151978006207536
"P09972";"P09972";"P09972";"ALDOC_HUMAN";"Fructose-bisphosphate aldolase C";"ALDOC";2;9;0,00131030167004323;1;2;2;7;0,000694966651105552;0,00241118952156187
"P12268";"P12268";"P12268";"IMDH2_HUMAN";"Inosine-5'-monophosphate dehydrogenase 2";"IMPDH2";2;2;0,00017099842321191;NA;2;NA;2;NA;0,00039916402408594
"P13073";"P13073";"P13073";"COX41_HUMAN";"Cytochrome c oxidase subunit 4 isoform 1, mitochondrial";"COX4I1";2;4;0,00104015608912333;2;2;2;2;0,00126050631455582;0,00121402549337381
"P13489";"P13489";"P13489";"RINI_HUMAN";"Ribonuclease inhibitor";"RNH1";2;2;0,000190657677941261;NA;2;NA;2;NA;0,000445054898872393
"P13804-1";"P13804-1";"P13804-1";"ETFA_HUMAN";"Electron transfer flavoprotein subunit alpha, mitochondrial";"ETFA";2;2;0,000263943512104869;NA;2;NA;2;NA;NA
"P14317";"P14317";"P14317";"HCLS1_HUMAN";"Hematopoietic lineage cell-specific protein";"HCLS1";2;3;0,000271275276330005;NA;2;NA;3;NA;0,000633241692531399
"P14550";"P14550";"P14550";"AK1A1_HUMAN";"Alcohol dehydrogenase [NADP(+)]";"AKR1A1";2;2;0,000270440583172066;2;NA;2;NA;0,000655463283569026;NA
"P14923";"P14923";"P14923";"PLAK_HUMAN";"Junction plakoglobin";"JUP";2;2;0,000117977435611975;NA;2;NA;2;NA;0,000275396387087481
"P15153,P60763,P63000-1,P63000-2";"P15153,P60763,P63000-1,P63000-2";"P15153, P60763, P63000-[1,2]";"RAC1_HUMAN, RAC2_HUMAN, RAC3_HUMAN";"Ras-related C3 botulinum toxin substrate 1, Ras-related C3 botulinum toxin substrate 2, Ras-related C3 botulinum toxin substrate 3";"RAC1, RAC2, RAC3";2;3;0,000171666385802581;NA;2;NA;3;NA;0,000801446517110052
"P15311";"P15311";"P15311";"EZRI_HUMAN";"Ezrin";"EZR";2;3;0,000294207972307495;1;1;1;2;0,000235617963929897;0,000461269180225212
"P16403";"P16403";"P16403";"H12_HUMAN";"Histone H1.2";"HIST1H1C";2;2;0,00189816277860206;0;2;0;2;0;0,00409377375875933
"P16949-1";"P16949-1";"P16949-1";"STMN1_HUMAN";"Stathmin";"STMN1";9;19;0,00560392819156882;3;8;6;13;NA;NA
"P19623";"P19623";"P19623";"SPEE_HUMAN";"Spermidine synthase";"SRM";2;5;0,000727592628567231;NA;2;NA;5;NA;0,00169842970513388
"P20042";"P20042";"P20042";"IF2B_HUMAN";"Eukaryotic translation initiation factor 2 subunit 2";"EIF2S2";2;2;0,000263943512104869;NA;2;NA;2;NA;0,000616127052192712
"P20231,Q15661-1,Q15661-2";"P20231,Q15661-1,Q15661-2";"P20231, Q15661-[1,2]";"TRYB1_HUMAN, TRYB2_HUMAN";"Tryptase alpha/beta-1, Tryptase beta-2";"TPSAB1, TPSB2";3;9;0,00047941739744139;3;3;3;6;0,00116195763905418;0,00223822154596553
"P20618";"P20618";"P20618";"PSB1_HUMAN";"Proteasome subunit beta type-1";"PSMB1";2;4;0,000729404062497274;1;2;1;3;0,000441961757593223;0,00127699362062348
"P20930";"P20930";"P20930";"FILA_HUMAN";"Filaggrin";"FLG";2;6;6,49297140095455e-05;2;2;2;4;5,24564312139703e-05;0,000101044229687354
"P21281";"P21281";"P21281";"VATB2_HUMAN";"V-type proton ATPase subunit B, brain isoform";"ATP6V1B2";2;3;0,000258003491773742;2;NA;3;NA;0,000625319668766928;NA
"P24666-1";"P24666-1";"P24666-1";"PPAC_HUMAN";"Low molecular weight phosphotyrosine protein phosphatase";"ACP1";2;2;0,000556286009689376;NA;2;NA;2;NA;NA
"P25205";"P25205";"P25205";"MCM3_HUMAN";"DNA replication licensing factor MCM3";"MCM3";2;5;0,000271946749786267;2;2;3;2;0,000395468255866213;0,000253923648985363
"P25398";"P25398";"P25398";"RS12_HUMAN";"40S ribosomal protein S12";"RPS12";2;4;0,00133171499289275;NA;2;NA;4;NA;0,00310864103606323
"P26599-1,P26599-2,P26599-3";"P26599-1,P26599-2,P26599-3";"P26599-[1-3]";"PTBP1_HUMAN";"Polypyrimidine tract-binding protein 1";"PTBP1";2;2;5,51746324738992e-05;NA;2;NA;2;NA;NA
"P26639";"P26639";"P26639";"SYTC_HUMAN";"Threonine--tRNA ligase, cytoplasmic";"TARS";2;2;0,000121567343749546;NA;2;NA;2;NA;0,000283776360138552
"P27635";"P27635";"P27635";"RL10_HUMAN";"60S ribosomal protein L10";"RPL10";6;21;0,00431251630876017;5;5;11;10;0,00547495616532539;0,00479369879392928
"P28074-1,P28074-2";"P28074-1,P28074-2";"P28074-[1,2]";"PSB5_HUMAN";"Proteasome subunit beta type-5";"PSMB5";2;2;0,000167097318499851;2;NA;2;NA;NA;NA
"P31939";"P31939";"P31939";"PUR9_HUMAN";"Bifunctional purine biosynthesis protein PURH";"ATIC";2;3;0,000222702338338484;NA;2;NA;3;NA;0,000519857200287601
"P36957";"P36957";"P36957";"ODO2_HUMAN";"Dihydrolipoyllysine-residue succinyltransferase component of 2-oxoglutarate dehydrogenase complex, mitochondrial";"DLST";2;2;0,000194024700951262;NA;2;NA;2;NA;0,000452914588035702
"P37108";"P37108";"P37108";"SRP14_HUMAN";"Signal recognition particle 14 kDa protein";"SRP14";2;4;0,00129254690486649;2;2;2;2;0,00156636446441128;0,00150860520867774
"P37837";"P37837";"P37837";"TALDO_HUMAN";"Transaldolase";"TALDO1";2;2;0,000260810651427067;NA;2;NA;2;NA;0,00060881397145452
"P41250";"P41250";"P41250";"SYG_HUMAN";"Glycine--tRNA ligase";"GARS";2;7;0,000416273563407612;NA;2;NA;7;NA;0,000971713233194325
"P42677";"P42677";"P42677";"RS27_HUMAN";"40S ribosomal protein S27";"RPS27";3;4;0,00209269498883146;3;NA;4;NA;0,00507203731333175;NA
"P42704";"P42704";"P42704";"LPPRC_HUMAN";"Leucine-rich PPR motif-containing protein, mitochondrial";"LRPPRC";2;2;6,30510685300728e-05;NA;2;NA;2;NA;0,00014718099596856
"P42766";"P42766";"P42766";"RL35_HUMAN";"60S ribosomal protein L35";"RPL35";2;3;0,00113141639640075;2;1;2;1;0,00173191518016206;0,00095317216436782
"P43487";"P43487";"P43487";"RANG_HUMAN";"Ran-specific GTPase-activating protein";"RANBP1";2;2;0,000437279549905082;NA;2;NA;2;NA;0,00102074780288643
"P45880-1,P45880-2,P45880-3";"P45880-1,P45880-2,P45880-3";"P45880-[1-3]";"VDAC2_HUMAN";"Voltage-dependent anion-selective channel protein 2";"VDAC2";2;4;0,000199304284650616;2;2;2;2;NA;NA
"P47756-2";"P47756-2";"P47756-2";"CAPZB_HUMAN";"F-actin-capping protein subunit beta";"CAPZB";2;2;0,000317303933324626;2;NA;2;NA;NA;NA
"P47914";"P47914";"P47914";"RL29_HUMAN";"60S ribosomal protein L29";"RPL29";2;2;0,000552787355540387;NA;2;NA;2;NA;0,00129037929798851
"P49006";"P49006";"P49006";"MRP_HUMAN";"MARCKS-related protein";"MARCKSL1";2;4;0,000901468610573554;2;2;2;2;0,00109243880594838;0,00105215542759063
"P49321-1,P49321-2,P49321-3";"P49321-1,P49321-2,P49321-3";"P49321-[1-3]";"NASP_HUMAN";"Nuclear autoantigenic sperm protein";"NASP";2;2;3,71798602076656e-05;NA;2;NA;2;NA;NA
"P51148";"P51148";"P51148";"RAB5C_HUMAN";"Ras-related protein Rab-5C";"RAB5C";2;4;0,000813825828990014;2;2;2;2;0,000986229477592284;0,000949862538797098
"P52597";"P52597";"P52597";"HNRPF_HUMAN";"Heterogeneous nuclear ribonucleoprotein F";"HNRNPF";2;4;0,000670670924131529;1;2;1;3;0,000410651695729992;0,00116533910095451
"P52907";"P52907";"P52907";"CAZA1_HUMAN";"F-actin-capping protein subunit alpha-1";"CAPZA1";2;4;0,000614637689027423;2;2;2;2;0,000744844640419348;0,000717378700629976
"P53597";"P53597";"P53597";"SUCA_HUMAN";"Succinyl-CoA ligase [ADP/GDP-forming] subunit alpha, mitochondrial";"SUCLG1";2;2;0,000254026559337923;2;NA;2;NA;0,000615680829942004;NA
"P53621-1,P53621-2";"P53621-1,P53621-2";"P53621-[1,2]";"COPA_HUMAN";"Coatomer subunit alpha";"COPA";2;8;0,000143616322762944;2;2;4;4;NA;NA
"P54819-1,P54819-2,P54819-3,P54819-5";"P54819-1,P54819-2,P54819-3,P54819-5";"P54819-[1-3,5]";"KAD2_HUMAN";"Adenylate kinase 2, mitochondrial";"AK2";3;10;0,000459692413864652;2;3;6;4;NA;NA
"P56134-1,P56134-2";"P56134-1,P56134-2";"P56134-[1,2]";"ATPK_HUMAN";"ATP synthase subunit f, mitochondrial";"ATP5J2";2;2;0,000467516965590008;NA;2;NA;2;NA;NA
"P60468";"P60468";"P60468";"SC61B_HUMAN";"Protein transport protein Sec61 subunit beta";"SEC61B";2;2;0,000915554057613765;2;NA;2;NA;0,00221901632458264;NA
"P60891";"P60891";"P60891";"PRPS1_HUMAN";"Ribose-phosphate pyrophosphokinase 1";"PRPS1";2;2;0,000276393677770193;2;NA;2;NA;0,000669891720628721;NA
"P60953-2";"P60953-2";"P60953-2";"CDC42_HUMAN";"Cell division control protein 42 homolog";"CDC42";2;2;0,000460173767177599;NA;2;NA;2;NA;NA
"P61006";"P61006";"P61006";"RAB8A_HUMAN";"Ras-related protein Rab-8A";"RAB8A";2;3;0,00106151195085654;2;1;2;1;0,00166617650872734;0,000859006122042593
"P61088,Q5JXB2";"P61088,Q5JXB2";"P61088, Q5JXB2";"UBE2N_HUMAN, UE2NL_HUMAN";"Putative ubiquitin-conjugating enzyme E2 N-like, Ubiquitin-conjugating enzyme E2 N";"UBE2N, UBE2NL";2;6;0,000864523175713982;2;2;2;4;0,000698444482491585;0,0013453790713454
"P61204,P84077";"P61204,P84077";"P84077, P61204";"ARF1_HUMAN, ARF3_HUMAN";"ADP-ribosylation factor 1, ADP-ribosylation factor 3";"ARF1, ARF3";2;4;0,000728396598322554;2;2;2;2;0,000882702626353315;0,000850153211520055
"P61254";"P61254";"P61254";"RL26_HUMAN";"60S ribosomal protein L26";"RPL26";6;17;0,0051523593862954;6;4;10;7;0,0073457092124115;0,00495238675400418
"P61513";"P61513";"P61513";"RL37A_HUMAN";"60S ribosomal protein L37a";"RPL37A";2;4;0,00191072151154177;2;NA;4;NA;0,00463099059043333;NA
"P61803";"P61803";"P61803";"DAD1_HUMAN";"Dolichyl-diphosphooligosaccharide--protein glycosyltransferase subunit DAD1";"DAD1";2;4;0,00155563167311365;2;2;2;2;0,0018851820102649;0,00181566644584224
"P62273-1";"P62273-1";"P62273-1";"RS29_HUMAN";"40S ribosomal protein S29";"RPS29";2;4;0,0031390424832472;2;NA;4;NA;NA;NA
"P62873,P62879,Q9HAV0";"P62873,P62879,Q9HAV0";"P62879, Q9HAV0, P62873";"GBB1_HUMAN, GBB2_HUMAN, GBB4_HUMAN";"Guanine nucleotide-binding protein G(I)/G(S)/G(T) subunit beta-1, Guanine nucleotide-binding protein G(I)/G(S)/G(T) subunit beta-2, Guanine nucleotide-binding protein subunit beta-4";"GNB1, GNB2, GNB4";2;2;8,61697936577662e-05;2;NA;2;NA;0,000208848595254837;NA
"P62987";"P62987";"P62987";"RL40_HUMAN";"Ubiquitin-60S ribosomal protein L40";"UBA52";2;5;0,00829720864712475;1;2;1;4;0,00915344233890339;0,0115408298463847
"Q00688";"Q00688";"Q00688";"FKBP3_HUMAN";"Peptidyl-prolyl cis-trans isomerase FKBP3";"FKBP3";2;2;0,000392380310405899;NA;2;NA;2;NA;0,000915938876697202
"Q00839-1";"Q00839-1";"Q00839-1";"HNRPU_HUMAN";"Heterogeneous nuclear ribonucleoprotein U";"HNRNPU";2;7;0,0037288019800997;2;2;3;4;NA;NA
"Q01130";"Q01130";"Q01130";"SRSF2_HUMAN";"Serine/arginine-rich splicing factor 2";"SRSF2";2;2;0,000397706739958921;NA;2;NA;2;NA;0,000928372436109381
"Q01650";"Q01650";"Q01650";"LAT1_HUMAN";"Large neutral amino acids transporter small subunit 1";"SLC7A5";2;2;0,000173359348187222;NA;2;NA;2;NA;0,000404675164457935
"Q04837";"Q04837";"Q04837";"SSBP_HUMAN";"Single-stranded DNA-binding protein, mitochondrial";"SSBP1";2;3;0,000890809353353934;NA;2;NA;3;NA;0,0020794288011504
"Q07955-1,Q07955-2,Q07955-3";"Q07955-1,Q07955-2,Q07955-3";"Q07955-[1-3]";"SRSF1_HUMAN";"Serine/arginine-rich splicing factor 1";"SRSF1";2;2;0,000118136007434034;NA;2;NA;2;NA;NA
"Q08170,Q13247-1,Q13247-3";"Q08170,Q13247-1,Q13247-3";"Q08170, Q13247-[1,3]";"SRSF4_HUMAN, SRSF6_HUMAN";"Serine/arginine-rich splicing factor 4, Serine/arginine-rich splicing factor 6";"SRSF4, SRSF6";2;2;7,43597204153312e-05;NA;2;NA;2;NA;0,000415324510891039
"Q13148-1,Q13148-2";"Q13148-1,Q13148-2";"Q13148-[1,2]";"TADBP_HUMAN";"TAR DNA-binding protein 43";"TARDBP";2;2;0,000106151195085654;NA;2;NA;2;NA;NA
"Q13200";"Q13200";"Q13200";"PSMD2_HUMAN";"26S proteasome non-ATPase regulatory subunit 2";"PSMD2";2;2;9,67986668842748e-05;NA;2;NA;2;NA;0,000225958489405477
"Q13283";"Q13283";"Q13283";"G3BP1_HUMAN";"Ras GTPase-activating protein-binding protein 1";"G3BP1";2;2;0,000188611994701548;2;NA;2;NA;0,000457136410214449;NA
"Q13547,Q92769";"Q13547,Q92769";"Q92769, Q13547";"HDAC1_HUMAN, HDAC2_HUMAN";"Histone deacetylase 1, Histone deacetylase 2";"HDAC1, HDAC2";2;2;9,06115355988881e-05;NA;2;NA;2;NA;0,00021151578183523
"Q13765";"Q13765";"Q13765";"NACA_HUMAN";"Nascent polypeptide-associated complex subunit alpha";"NACA";2;5;0,0010220138317549;1;2;2;3;0,000990816591441551;0,00143142075614074
"Q14008-1,Q14008-2,Q14008-3";"Q14008-1,Q14008-2,Q14008-3";"Q14008-[1-3]";"CKAP5_HUMAN";"Cytoskeleton-associated protein 5";"CKAP5";2;2;1,44181741356498e-05;2;NA;2;NA;NA;NA
"Q15942";"Q15942";"Q15942";"ZYX_HUMAN";"Zyxin";"ZYX";2;2;0,000153659422256856;NA;2;NA;2;NA;0,000358689350314988
"Q16543";"Q16543";"Q16543";"CDC37_HUMAN";"Hsp90 co-chaperone Cdc37";"CDC37";2;2;0,000232521665425718;NA;2;NA;2;NA;0,000542778593598342
"Q5T749";"Q5T749";"Q5T749";"KPRP_HUMAN";"Keratinocyte proline-rich protein";"KPRP";2;2;0,000151801709034407;2;NA;2;NA;0,000367919805112147;NA
"Q6PIW4-1,Q6PIW4-2";"Q6PIW4-1,Q6PIW4-2";"Q6PIW4-[1,2]";"FIGL1_HUMAN";"Fidgetin-like protein 1";"FIGNL1";2;2;6,52026628567667e-05;NA;2;NA;2;NA;NA
"Q7Z6Z7-1,Q7Z6Z7-2,Q7Z6Z7-3";"Q7Z6Z7-1,Q7Z6Z7-2,Q7Z6Z7-3";"Q7Z6Z7-[1-3]";"HUWE1_HUMAN";"E3 ubiquitin-protein ligase HUWE1";"HUWE1";2;2;6,69815497111122e-06;2;NA;2;NA;NA;NA
"Q8NBS9";"Q8NBS9";"Q8NBS9";"TXND5_HUMAN";"Thioredoxin domain-containing protein 5";"TXNDC5";2;2;0,000203456457247503;NA;2;NA;2;NA;0,000474931269398549
"Q8WW12-1";"Q8WW12-1";"Q8WW12-1";"PCNP_HUMAN";"PEST proteolytic signal-containing nuclear protein";"PCNP";4;7;0,00172823687279902;2;3;2;5;NA;NA
"Q92522";"Q92522";"Q92522";"H1X_HUMAN";"Histone H1x";"H1FX";2;2;0,000412644082304796;NA;2;NA;2;NA;0,000963240884413959
"Q92688-1,Q92688-2";"Q92688-1,Q92688-2";"Q92688-[1,2]";"AN32B_HUMAN";"Acidic leucine-rich nuclear phosphoprotein 32 family member B";"ANP32B";2;4;0,000583620116407181;1;2;1;3;NA;NA
"Q96MI9-1,Q96MI9-2,Q96MI9-3";"Q96MI9-1,Q96MI9-2,Q96MI9-3";"Q96MI9-[1-3]";"CBPC4_HUMAN";"Cytosolic carboxypeptidase 4";"AGBL1";2;2;2,74837991028522e-05;NA;2;NA;2;NA;NA
"Q99613";"Q99613";"Q99613";"EIF3C_HUMAN";"Eukaryotic translation initiation factor 3 subunit C";"EIF3C,EIF3CL";2;2;9,62685537030903e-05;NA;2;NA;2;NA;0,000224721038751559
"Q9BTL3";"Q9BTL3";"Q9BTL3";"RAM_HUMAN";"RNMT-activating mini protein";"FAM103A1";2;8;0,00297943015359056;2;2;4;4;0,00361060283321921;0,00347746285390124
"Q9BY77-1";"Q9BY77-1";"Q9BY77-1";"PDIP3_HUMAN";"Polymerase delta-interacting protein 3";"POLDIP3";4;5;0,000521931054221624;4;NA;5;NA;NA;NA
"Q9H1E3-1";"Q9H1E3-1";"Q9H1E3-1";"NUCKS_HUMAN";"Nuclear ubiquitous casein and cyclin-dependent kinase substrate 1";"NUCKS1";2;2;0,000361700368440006;NA;2;NA;2;NA;NA
"Q9HBJ7";"Q9HBJ7";"Q9HBJ7";"UBP29_HUMAN";"Ubiquitin carboxyl-terminal hydrolase 29";"USP29";2;2;9,53288389706307e-05;NA;2;NA;2;NA;0,000222527449436197
"Q9NSI8-1,Q9NSI8-3";"Q9NSI8-1,Q9NSI8-3";"Q9NSI8-[1,3]";"SAMN1_HUMAN";"SAM domain-containing protein SAMSN-1";"SAMSN1";2;2;0,000117819288915444;NA;2;NA;2;NA;NA
"Q9NTJ3-1";"Q9NTJ3-1";"Q9NTJ3-1";"SMC4_HUMAN";"Structural maintenance of chromosomes protein 4";"SMC4";2;2;6,82400539836347e-05;2;NA;2;NA;NA;NA
"Q9NX63";"Q9NX63";"Q9NX63";"CHCH3_HUMAN";"Coiled-coil-helix-coiled-coil-helix domain-containing protein 3, mitochondrial";"CHCHD3";2;3;0,000580792001305649;2;1;2;1;0,000938438621849927;0,000451916978810954
"Q9P2E9-1,Q9P2E9-2";"Q9P2E9-1,Q9P2E9-2";"Q9P2E9-[1,2]";"RRBP1_HUMAN";"Ribosome-binding protein 1";"RRBP1";3;3;4,67516965590008e-05;NA;3;NA;3;NA;NA
"Q9UGI8-1,Q9UGI8-2";"Q9UGI8-1,Q9UGI8-2";"Q9UGI8-[1,2]";"TES_HUMAN";"Testin";"TES";2;2;0,000104386210844325;2;NA;2;NA;NA;NA
"Q9UL46";"Q9UL46";"Q9UL46";"PSME2_HUMAN";"Proteasome activator complex subunit 2";"PSME2";2;5;0,000919384827729304;2;1;4;1;0,00178264072937183;0,0004292265865694
"A6NEC2-1,P55786";"A6NEC2-1,P55786";"A6NEC2-1, P55786";"PSA_HUMAN, PSAL_HUMAN";"Puromycin-sensitive aminopeptidase, Puromycin-sensitive aminopeptidase-like protein";"NPEPPS, NPEPPSL1";1;2;6,2915668955563e-05;1;1;1;1;0,000115900743830214;0,000111626936006623
"E7EU14,P53041";"E7EU14,P53041";"P53041, E7EU14";"PP5D1_HUMAN, PPP5_HUMAN";"Protein PPP5D1, Serine/threonine-protein phosphatase 5";"PPP5C, PPP5D1";1;1;6,55919324857623e-05;NA;1;NA;1;NA;0,000153112170432965
"O00571-1,O00571-2";"O00571-1,O00571-2";"O00571-[1,2]";"DDX3X_HUMAN";"ATP-dependent RNA helicase DDX3X";"DDX3X";7;15;0,000497884381783921;7;4;9;6;NA;NA
"O14818-1,O14818-2";"O14818-1,O14818-2";"O14818-[1,2]";"PSA7_HUMAN";"Proteasome subunit alpha type-7";"PSMA7";4;5;0,000443010027877628;1;3;1;4;NA;NA
"O14950,P19105";"O14950,P19105";"O14950, P19105";"ML12A_HUMAN, ML12B_HUMAN";"Myosin regulatory light chain 12A, Myosin regulatory light chain 12B";"MYL12A, MYL12B";1;2;0,000256248365979363;NA;1;NA;2;NA;0,000598164164373683
"O14979-1,O14979-2,O14979-3";"O14979-1,O14979-2,O14979-3";"O14979-[1-3]";"HNRDL_HUMAN";"Heterogeneous nuclear ribonucleoprotein D-like";"HNRPDL";1;2;7,4923647748287e-05;NA;1;NA;2;NA;NA
"O15372";"O15372";"O15372";"EIF3H_HUMAN";"Eukaryotic translation initiation factor 3 subunit H";"EIF3H";1;3;0,000374544841751086;1;1;1;2;0,00030259313517036;0,000582870194261856
"O43143";"O43143";"O43143";"DHX15_HUMAN";"Putative pre-mRNA-splicing factor ATP-dependent RNA helicase DHX15";"DHX15";1;2;0,000110557471108077;1;1;1;1;0,000133978344125744;0,000129037929798851
"O43242";"O43242";"O43242";"PSMD3_HUMAN";"26S proteasome non-ATPase regulatory subunit 3";"PSMD3";1;1;8,22969939428104e-05;NA;1;NA;1;NA;0,000192107030318514
"O43390-1,O43390-2";"O43390-1,O43390-2";"O43390-[1,2]";"HNRPR_HUMAN";"Heterogeneous nuclear ribonucleoprotein R";"HNRNPR";1;2;0,000107294572887094;0;1;0;2;NA;NA
"O43396";"O43396";"O43396";"TXNL1_HUMAN";"Thioredoxin-like protein 1";"TXNL1";1;1;0,000152064341748999;NA;1;NA;1;NA;0,000354965931453587
"O43776";"O43776";"O43776";"SYNC_HUMAN";"Asparagine--tRNA ligase, cytoplasmic";"NARS";1;1;8,01945159953663e-05;NA;1;NA;1;NA;0,00018719918647826
"O60812";"O60812";"O60812";"HNRCL_HUMAN";"Heterogeneous nuclear ribonucleoprotein C-like 1";"HNRNPCL1";1;1;0,000199984504052154;1;0;1;0;0,000545287287952048;NA
"O75828,P16152";"O75828,P16152";"P16152, O75828";"CBR1_HUMAN, CBR3_HUMAN";"Carbonyl reductase [NADPH] 1, Carbonyl reductase [NADPH] 3";"CBR1, CBR3";1;3;0,00023797794999347;1;1;1;2;0,000192261342202106;0,000370343516931721
"O75874";"O75874";"O75874";"IDHC_HUMAN";"Isocitrate dehydrogenase [NADP] cytoplasmic";"IDH1";1;3;0,000367446444527264;1;1;1;2;0,000289436911902083;0,000594696546029488
"O95202-1";"O95202-1";"O95202-1";"LETM1_HUMAN";"LETM1 and EF-hand domain-containing protein 1, mitochondrial";"LETM1";1;1;5,94676519153731e-05;NA;1;NA;1;NA;NA
"O95831-1,O95831-3";"O95831-1,O95831-3";"O95831-[1,3]";"AIFM1_HUMAN";"Apoptosis-inducing factor 1, mitochondrial";"AIFM1";5;9;0,000322609586369614;3;4;3;6;NA;NA
"O96006";"O96006";"O96006";"ZBED1_HUMAN";"Zinc finger BED domain-containing protein 1";"ZBED1";1;1;6,33236235813555e-05;NA;1;NA;1;NA;0,000147817225057762
"P01893,P04439,P05534,P13746-1,P13746-2,P16188,P30443,P30447,P30455,P30501,P30505,P30508,Q07000,Q29960-1,Q29960-2,Q29963,Q9TNN7";"P01893,P04439,P05534,P13746-1,P13746-2,P16188,P30443,P30447,P30455,P30501,P30505,P30508,Q07000,Q29960-1,Q29960-2,Q29963,Q9TNN7";"P01893, P04439, P05534, P13746-[1,2], P16188, P30443, P30447, P30455, P30501, P30505, P30508, Q07000, Q29960-[1,2], Q29963, Q9TNN7";"1A01_HUMAN, 1A03_HUMAN, 1A11_HUMAN, 1A23_HUMAN, 1A24_HUMAN, 1A30_HUMAN, 1A36_HUMAN, 1C02_HUMAN, 1C05_HUMAN, 1C06_HUMAN, 1C08_HUMAN, 1C12_HUMAN, 1C15_HUMAN, 1C16_HUMAN, HLAH_HUMAN";"HLA class I histocompatibility antigen, A-1 alpha chain, HLA class I histocompatibility antigen, A-11 alpha chain, HLA class I histocompatibility antigen, A-23 alpha chain, HLA class I histocompatibility antigen, A-24 alpha chain, HLA class I histocompatibility antigen, A-3 alpha chain, HLA class I histocompatibility antigen, A-30 alpha chain, HLA class I histocompatibility antigen, A-36 alpha chain, HLA class I histocompatibility antigen, Cw-12 alpha chain, HLA class I histocompatibility antigen, Cw-15 alpha chain, HLA class I histocompatibility antigen, Cw-16 alpha chain, HLA class I histocompatibility antigen, Cw-2 alpha chain, HLA class I histocompatibility antigen, Cw-5 alpha chain, HLA class I histocompatibility antigen, Cw-6 alpha chain, HLA class I histocompatibility antigen, Cw-8 alpha chain, Putative HLA class I histocompatibility antigen, alpha chain H";"HLA-A, HLA-C, HLA-H";1;1;9,90744487466104e-06;NA;1;NA;1;NA;3,02483605446759e-05
"P02538";"P02538";"P02538";"K2C6A_HUMAN";"Keratin, type II cytoskeletal 6A";"KRT6A";2;5;0,00245596690634364;2;1;4;1;0,00438406896289461;0,00177157823267984
"P02795,P13640-1,P13640-2,P80297";"P02795,P13640-1,P13640-2,P80297";"P02795, P13640-[1,2], P80297";"MT1G_HUMAN, MT1X_HUMAN, MT2_HUMAN";"Metallothionein-1G, Metallothionein-1X, Metallothionein-2";"MT1G, MT1X, MT2A";1;4;0,00214373633002248;1;1;2;2;0,00523833361868689;0,00504517151754524
"P04259";"P04259";"P04259";"K2C6B_HUMAN";"Keratin, type II cytoskeletal 6B";"KRT6B";1;2;0,000962393549723275;1;0;2;0;0,00213109933030585;0
"P04733";"P04733";"P04733";"MT1F_HUMAN";"Metallothionein-1F";"MT1F";1;1;0,00360217989880826;0;1;0;1;NA;0,00504517151754524
"P04908,P0C0S8,P20671,Q16777,Q6FI13,Q7L7L0,Q93077,Q96KK5,Q99878,Q9BTM1-1";"P04908,P0C0S8,P20671,Q16777,Q6FI13,Q7L7L0,Q93077,Q96KK5,Q99878,Q9BTM1-1";"P04908, P0C0S8, P20671, Q16777, Q6FI13, Q7L7L0, Q93077, Q96KK5, Q99878, Q9BTM1-1";"H2A1_HUMAN, H2A1B_HUMAN, H2A1C_HUMAN, H2A1D_HUMAN, H2A1H_HUMAN, H2A1J_HUMAN, H2A2A_HUMAN, H2A2C_HUMAN, H2A3_HUMAN, H2AJ_HUMAN";"Histone H2A type 1, Histone H2A type 1-B/E, Histone H2A type 1-C, Histone H2A type 1-D, Histone H2A type 1-H, Histone H2A type 1-J, Histone H2A type 2-A, Histone H2A type 2-C, Histone H2A type 3, Histone H2A.J";"H2AFJ, HIST1H2AB,HIST1H2AE, HIST1H2AC, HIST1H2AD, HIST1H2AH, HIST1H2AJ, HIST1H2AM,HIST1H2AL,HIST1H2AG,HIST1H2AI,HIST1H2AK, HIST2H2AA3,HIST2H2AA4, HIST2H2AC, HIST3H2A";2;8;0,000392447694968909;2;1;6;2;0,000705296175759436;0,000352223705373688
"P05023-1,P05023-3";"P05023-1,P05023-3";"P05023-[1,3]";"AT1A1_HUMAN";"Sodium/potassium-transporting ATPase subunit alpha-1";"ATP1A1";3;3;6,4437822236746e-05;3;NA;3;NA;NA;NA
"P07910-1,P07910-2,P07910-4";"P07910-1,P07910-2,P07910-4";"P07910-[1,2,4]";"HNRPC_HUMAN";"Heterogeneous nuclear ribonucleoproteins C1/C2";"HNRNPC";2;5;0,000319147383917652;1;2;1;4;NA;NA
"P08195-1,P08195-2,P08195-3,P08195-4";"P08195-1,P08195-2,P08195-3,P08195-4";"P08195-[1-4]";"4F2_HUMAN";"4F2 cell-surface antigen heavy chain";"SLC3A2";1;2;3,48782498138577e-05;NA;1;NA;2;NA;NA
"P09429";"P09429";"P09429";"HMGB1_HUMAN";"High mobility group protein B1";"HMGB1";7;38;0,00789059567881879;7;6;21;17;0,0106925623826401;0,00811138428479755
"P09496-2";"P09496-2";"P09496-2";"CLCA_HUMAN";"Clathrin light chain A";"CLTA";1;1;0,000177204011151051;NA;1;NA;1;NA;NA
"P10412";"P10412";"P10412";"H14_HUMAN";"Histone H1.4";"HIST1H1E";1;1;0,000923079159457166;0;1;0;1;0;0,00199080778679392
"P11532-1,P11532-2,P11532-3,P11532-4";"P11532-1,P11532-2,P11532-3,P11532-4";"P11532-[1-4]";"DMD_HUMAN";"Dystrophin";"DMD";1;1;4,47217721493834e-06;NA;1;NA;1;NA;NA
"P13164,Q01628,Q01629";"P13164,Q01628,Q01629";"P13164, Q01628, Q01629";"IFM1_HUMAN, IFM2_HUMAN, IFM3_HUMAN";"Interferon-induced transmembrane protein 1, Interferon-induced transmembrane protein 2, Interferon-induced transmembrane protein 3";"IFITM1, IFITM2, IFITM3";1;1;0,000112683576321694;1;NA;1;NA;0,000273109701487094;NA
"P14174";"P14174";"P14174";"MIF_HUMAN";"Macrophage migration inhibitory factor";"MIF";1;1;0,000382144302308354;NA;1;NA;1;NA;0,000892044819044231
"P15531-1,P15531-2";"P15531-1,P15531-2";"P15531-[1,2]";"NDKA_HUMAN";"Nucleoside diphosphate kinase A";"NME1";1;4;0,00198255314731402;1;1;2;2;NA;NA
"P16150";"P16150";"P16150";"LEUK_HUMAN";"Leukosialin";"SPN";1;1;0,000109866486913652;NA;1;NA;1;NA;0,000256462885475217
"P16402";"P16402";"P16402";"H13_HUMAN";"Histone H1.3";"HIST1H1D";1;2;0,00182945100381104;1;1;1;1;0,00289174978045158;0,00197279142673244
"P17066";"P17066";"P17066";"HSP76_HUMAN";"Heat shock 70 kDa protein 6";"HSPA6";1;1;0,000170966898567046;1;0;1;0;0,000326279793237091;0
"P17858-1";"P17858-1";"P17858-1";"K6PL_HUMAN";"6-phosphofructokinase, liver type";"PFKL";1;1;6,88621855299242e-05;0;1;0;1;NA;NA
"P18859";"P18859";"P18859";"ATP5J_HUMAN";"ATP synthase-coupling factor 6, mitochondrial";"ATP5J";1;2;0,000813825828990014;1;1;1;1;0,000986229477592284;0,000949862538797098
"P28072";"P28072";"P28072";"PSB6_HUMAN";"Proteasome subunit beta type-6";"PSMB6";1;2;0,000367753931091722;1;1;1;1;0,000445660182342957;0,0004292265865694
"P29692-1,P29692-2";"P29692-1,P29692-2";"P29692-[1,2]";"EF1D_HUMAN";"Elongation factor 1-delta";"EEF1D";4;10;0,000781967878388981;3;3;5;5;NA;NA
"P30048";"P30048";"P30048";"PRDX3_HUMAN";"Thioredoxin-dependent peroxide reductase, mitochondrial";"PRDX3";1;1;0,000171666385802581;NA;1;NA;1;NA;0,000400723258555026
"P30050-1";"P30050-1";"P30050-1";"RL12_HUMAN";"60S ribosomal protein L12";"RPL12";4;7;0,00186440099004985;4;NA;7;NA;NA;NA
"P30153";"P30153";"P30153";"2AAA_HUMAN";"Serine/threonine-protein phosphatase 2A 65 kDa regulatory subunit A alpha isoform";"PPP2R1A";1;1;7,46122152214953e-05;NA;1;NA;1;NA;0,000174168343276887
"P31153";"P31153";"P31153";"METK2_HUMAN";"S-adenosylmethionine synthase isoform type-2";"MAT2A";1;1;0,000111257201937875;1;NA;1;NA;0,000269652616658144;NA
"P31943";"P31943";"P31943";"HNRH1_HUMAN";"Heterogeneous nuclear ribonucleoprotein H";"HNRNPH1";3;8;0,00123977030518746;3;2;4;4;0,00151822230492603;0,00143612688016666
"P33316-2,P33316-3";"P33316-2,P33316-3";"P33316-[2,3]";"DUT_HUMAN";"Deoxyuridine 5'-triphosphate nucleotidohydrolase, mitochondrial";"DUT";1;1;8,71956245346443e-05;NA;1;NA;1;NA;NA
"P35749-1,P35749-2,P35749-3,P35749-4";"P35749-1,P35749-2,P35749-3,P35749-4";"P35749-[1-4]";"MYH11_HUMAN";"Myosin-11";"MYH11";1;3;1,83445996800858e-05;1;1;1;2;NA;NA
"P35754";"P35754";"P35754";"GLRX1_HUMAN";"Glutaredoxin-1";"GLRX";1;1;0,00041459051665529;1;NA;1;NA;0,00100483758094308;NA
"P36542-1";"P36542-1";"P36542-1";"ATPG_HUMAN";"ATP synthase subunit gamma, mitochondrial";"ATP5C1";2;4;0,000589887178059876;2;NA;4;NA;NA;NA
"P38606";"P38606";"P38606";"VATA_HUMAN";"V-type proton ATPase catalytic subunit A";"ATP6V1A";1;1;7,12262475939396e-05;NA;1;NA;1;NA;0,000166264431426396
"P38919";"P38919";"P38919";"IF4A3_HUMAN";"Eukaryotic initiation factor 4A-III";"EIF4A3";1;1;0,000133657526658944;0;1;0;1;NA;0,000311998644130434
"P40925-1";"P40925-1";"P40925-1";"MDHC_HUMAN";"Malate dehydrogenase, cytoplasmic";"MDH1";6;10;0,00131576631034314;1;6;1;9;NA;NA
"P41091";"P41091";"P41091";"IF2G_HUMAN";"Eukaryotic translation initiation factor 2 subunit 3";"EIF2S3";4;5;0,000465535961498525;3;2;3;2;0,000676988031228602;0,000434682856737655
"P46779-1";"P46779-1";"P46779-1";"RL28_HUMAN";"60S ribosomal protein L28";"RPL28";8;22;0,00705711740759224;6;7;10;12;NA;NA
"P47813";"P47813";"P47813";"IF1AX_HUMAN";"Eukaryotic translation initiation factor 1A, X-chromosomal";"EIF1AX";3;4;0,00122073874348502;NA;3;NA;4;NA;0,00284958761639129
"P49368-1";"P49368-1";"P49368-1";"TCPG_HUMAN";"T-complex protein 1 subunit gamma";"CCT3";6;16;0,00129017525916949;5;5;8;8;NA;NA
"P52788-1,P52788-2";"P52788-1,P52788-2";"P52788-[1,2]";"SPSY_HUMAN";"Spermine synthase";"SMS";1;1;6,00363316468043e-05;NA;1;NA;1;NA;NA
"P55884-1,P55884-2";"P55884-1,P55884-2";"P55884-[1,2]";"EIF3B_HUMAN";"Eukaryotic translation initiation factor 3 subunit B";"EIF3B";1;1;2,69942228289071e-05;NA;1;NA;1;NA;NA
"P58546";"P58546";"P58546";"MTPN_HUMAN";"Myotrophin";"MTPN";1;3;0,00111728630759646;1;1;1;2;0,000902650708304803;0,00173873142695062
"P60842";"P60842";"P60842";"IF4A1_HUMAN";"Eukaryotic initiation factor 4A-I";"EIF4A1";6;11;0,00148833910843617;4;6;4;7;0,00131173378793062;0,00221088694375187
"P61026";"P61026";"P61026";"RAB10_HUMAN";"Ras-related protein Rab-10";"RAB10";1;1;0,000366221623045506;1;0;1;0;0,000862246343266397;0
"P61106";"P61106";"P61106";"RAB14_HUMAN";"Ras-related protein Rab-14";"RAB14";1;3;0,000817611065403921;1;1;1;2;0,000636953523069568;0,00133599270573136
"P61158";"P61158";"P61158";"ARP3_HUMAN";"Actin-related protein 3";"ACTR3";1;1;0,000105135394175743;NA;1;NA;1;NA;0,000245419029162887
"P61956-1,P61956-2";"P61956-1,P61956-2";"P61956-[1,2]";"SUMO2_HUMAN";"Small ubiquitin-related modifier 2";"SUMO2";2;3;0,000693893601559906;NA;2;NA;3;NA;NA
"P62195";"P62195";"P62195";"PRS8_HUMAN";"26S protease regulatory subunit 8";"PSMC5";1;1;0,000108242844249903;NA;1;NA;1;NA;0,000252672793571642
"P62306";"P62306";"P62306";"RUXF_HUMAN";"Small nuclear ribonucleoprotein F";"SNRPF";1;4;0,0020440276635098;1;1;2;2;0,00247704147860388;0,00238570126023457
"P62854";"P62854";"P62854";"RS26_HUMAN";"40S ribosomal protein S26";"RPS26";3;12;0,00458573162770025;2;3;6;6;0,00555718870852;0,00535226891426539
"P62899-1";"P62899-1";"P62899-1";"RL31_HUMAN";"60S ribosomal protein L31";"RPL31";4;13;0,00457044585560792;4;3;7;6;NA;NA
"P62910";"P62910";"P62910";"RL32_HUMAN";"60S ribosomal protein L32";"RPL32";1;3;0,000976590994788017;1;1;2;1;0,00157796716414765;0,000759890031037679
"P62979";"P62979";"P62979";"RS27A_HUMAN";"Ubiquitin-40S ribosomal protein S27a";"RPS27A";1;1;0,00136159321388714;0;1;0;1;0;0,00236734971207892
"P68371";"P68371";"P68371";"TBB4B_HUMAN";"Tubulin beta-4B chain";"TUBB4B";1;3;0,00228903210295217;1;1;1;2;0,00169257874388711;0,0038860507847288
"P81605-1,P81605-2";"P81605-1,P81605-2";"P81605-[1,2]";"DCD_HUMAN";"Dermcidin";"DCD";1;4;0,00079902899573565;1;1;2;2;NA;NA
"P83881";"P83881";"P83881";"RL36A_HUMAN";"60S ribosomal protein L36a";"RPL36A";5;11;0,00456049568320819;3;5;4;7;0,00401935032377233;0,00677449131443968
"P84085";"P84085";"P84085";"ARF5_HUMAN";"ADP-ribosylation factor 5";"ARF5";1;2;0,000732443246091012;1;0;2;0;0,00177521305966611;0
"P84095";"P84095";"P84095";"RHOG_HUMAN";"Rho-related GTP-binding protein RhoG";"RHOG";1;2;0,000460173767177599;1;NA;2;NA;0,00111531710554939;NA
"Q00839-2";"Q00839-2";"Q00839-2";"HNRPU_HUMAN";"Heterogeneous nuclear ribonucleoprotein U";"HNRNPU";1;1;0,0005326859971571;0;1;0;1;NA;NA
"Q01082-1,Q01082-2,Q01082-3";"Q01082-1,Q01082-2,Q01082-3";"Q01082-[1-3]";"SPTB2_HUMAN";"Spectrin beta chain, non-erythrocytic 1";"SPTBN1";1;1;6,19664336794427e-06;NA;1;NA;1;NA;NA
"Q01105-1";"Q01105-1";"Q01105-1";"SET_HUMAN";"Protein SET";"SET";4;6;0,000909239891699188;NA;4;NA;6;NA;NA
"Q04917";"Q04917";"Q04917";"1433F_HUMAN";"14-3-3 protein eta";"YWHAH";1;1;0,000212283109985382;0;1;0;1;0;0,000498972889110395
"Q07666-1,Q07666-2";"Q07666-1,Q07666-2";"Q07666-[1,2]";"KHDR1_HUMAN";"KH domain-containing, RNA-binding, signal transduction-associated protein 1";"KHDRBS1";4;7;0,000347207859320796;2;2;2;5;NA;NA
"Q13162";"Q13162";"Q13162";"PRDX4_HUMAN";"Peroxiredoxin-4";"PRDX4";1;3;0,000586287242116564;1;1;2;1;0,000893263867661579;0,000489879182153659
"Q13423";"Q13423";"Q13423";"NNTM_HUMAN";"NAD(P) transhydrogenase, mitochondrial";"NNT";1;1;4,04664776845863e-05;1;NA;1;NA;9,80780695948128e-05;NA
"Q13442";"Q13442";"Q13442";"HAP28_HUMAN";"28 kDa heat- and acid-stable phosphoprotein";"PDAP1";1;1;0,000242798866107518;1;NA;1;NA;0,000588468417568877;NA
"Q13835-1,Q13835-2";"Q13835-1,Q13835-2";"Q13835-[1,2]";"PKP1_HUMAN";"Plakophilin-1";"PKP1";1;1;2,94153914092776e-05;1;NA;1;NA;NA;NA
"Q14141-1,Q14141-2,Q14141-4,Q92599-1,Q92599-2,Q92599-3,Q9NVA2-1,Q9NVA2-2";"Q14141-1,Q14141-2,Q14141-4,Q92599-1,Q92599-2,Q92599-3,Q9NVA2-1,Q9NVA2-2";"Q14141-[1,2,4], Q92599-[1-3], Q9NVA2-[1,2]";"SEP11_HUMAN, SEPT6_HUMAN, SEPT8_HUMAN";"Septin-11, Septin-6, Septin-8";"SEPT11, SEPT6, SEPT8";1;1;1,52211813402122e-05;1;NA;1;NA;NA;NA
"Q14697-1";"Q14697-1";"Q14697-1";"GANAB_HUMAN";"Neutral alpha-glucosidase AB";"GANAB";6;7;0,000325875173048967;2;5;2;5;NA;NA
"Q15181";"Q15181";"Q15181";"IPYR_HUMAN";"Inorganic pyrophosphatase";"PPA1";1;1;0,000152064341748999;1;NA;1;NA;0,000368556344567359;NA
"Q15185";"Q15185";"Q15185";"TEBP_HUMAN";"Prostaglandin E synthase 3";"PTGES3";1;1;0,00027466621728413;NA;1;NA;1;NA;0,000641157213688041
"Q15366-1,Q15366-2,Q15366-3,Q15366-4,Q15366-5,Q15366-6";"Q15366-1,Q15366-2,Q15366-3,Q15366-4,Q15366-5,Q15366-6";"Q15366-[1-6]";"PCBP2_HUMAN";"Poly(rC)-binding protein 2";"PCBP2";2;5;0,000124223903446617;2;1;3;2;NA;NA
"Q15427";"Q15427";"Q15427";"SF3B4_HUMAN";"Splicing factor 3B subunit 4";"SF3B4";1;2;0,000207295258327645;NA;1;NA;2;NA;0,000483892236745692
"Q15691";"Q15691";"Q15691";"MARE1_HUMAN";"Microtubule-associated protein RP/EB family member 1";"MAPRE1";1;1;0,000163979831214406;NA;1;NA;1;NA;0,000382780426082413
"Q16650";"Q16650";"Q16650";"TBR1_HUMAN";"T-box brain protein 1";"TBR1";1;1;6,4437822236746e-05;1;NA;1;NA;0,000156177102023412;NA
"Q16666-1,Q16666-2,Q16666-3,Q16666-7";"Q16666-1,Q16666-2,Q16666-3,Q16666-7";"Q16666-[1-3,7]";"IF16_HUMAN";"Gamma-interferon-inducible protein 16";"IFI16";2;3;4,19871924510771e-05;2;1;2;1;NA;NA
"Q16698";"Q16698";"Q16698";"DECR_HUMAN";"2,4-dienoyl-CoA reductase, mitochondrial";"DECR1";1;1;0,000131183864971525;NA;1;NA;1;NA;0,00030622434086593
"Q562R1";"Q562R1";"Q562R1";"ACTBL_HUMAN";"Beta-actin-like protein 2";"ACTBL2";1;4;0,000793950330424753;1;1;3;1;0,00140370601378593;0,000474534290373976
"Q7Z2W4-1,Q7Z2W4-2";"Q7Z2W4-1,Q7Z2W4-2";"Q7Z2W4-[1,2]";"ZCCHV_HUMAN";"Zinc finger CCCH-type antiviral protein 1";"ZC3HAV1";7;18;0,000438491522050052;6;4;10;8;NA;NA
"Q7Z5L9-1,Q7Z5L9-2";"Q7Z5L9-1,Q7Z5L9-2";"Q7Z5L9-[1,2]";"I2BP2_HUMAN";"Interferon regulatory factor 2-binding protein 2";"IRF2BP2";2;2;7,48664306055549e-05;NA;2;NA;2;NA;NA
"Q86V81";"Q86V81";"Q86V81";"THOC4_HUMAN";"THO complex subunit 4";"ALYREF";1;1;0,00017099842321191;NA;1;NA;1;NA;0,00039916402408594
"Q8IUE6";"Q8IUE6";"Q8IUE6";"H2A2B_HUMAN";"Histone H2A type 2-B";"HIST2H2AB";1;1;0,000488295497394008;1;0;1;0;0,00105342313430736;0
"Q8IY67-1,Q8IY67-2,Q8IY67-3";"Q8IY67-1,Q8IY67-2,Q8IY67-3";"Q8IY67-[1-3]";"RAVR1_HUMAN";"Ribonucleoprotein PTB-binding 1";"RAVER1";1;1;2,4173044425446e-05;NA;1;NA;1;NA;NA
"Q8N163-1";"Q8N163-1";"Q8N163-1";"K1967_HUMAN";"DBIRD complex subunit KIAA1967";"KIAA1967";5;12;0,000571353344729717;5;4;7;5;NA;NA
"Q92499";"Q92499";"Q92499";"DDX1_HUMAN";"ATP-dependent RNA helicase DDX1";"DDX1";1;1;5,93872902235956e-05;NA;1;NA;1;NA;0,00013862858674336
"Q92820";"Q92820";"Q92820";"GGH_HUMAN";"Gamma-glutamyl hydrolase";"GGH";1;1;0,000138196838885097;NA;1;NA;1;NA;0,000322594824497128
"Q92930";"Q92930";"Q92930";"RAB8B_HUMAN";"Ras-related protein Rab-8B";"RAB8B";1;1;0,00035383731695218;1;0;1;0;0,000833088254363669;0
"Q96HE7";"Q96HE7";"Q96HE7";"ERO1A_HUMAN";"ERO1-like protein alpha";"ERO1L";1;1;9,39029802680785e-05;NA;1;NA;1;NA;0,000219199047414715
"Q99714-1";"Q99714-1";"Q99714-1";"HCD2_HUMAN";"3-hydroxyacyl-CoA dehydrogenase type-2";"HSD17B10";4;8;0,00134702206177657;2;3;3;5;NA;NA
"Q99729-3,Q99729-4";"Q99729-3,Q99729-4";"Q99729-[3,4]";"ROAA_HUMAN";"Heterogeneous nuclear ribonucleoprotein A/B";"HNRNPAB";2;3;0,000213261587717263;NA;2;NA;3;NA;NA
"Q9BVC6";"Q9BVC6";"Q9BVC6";"TM109_HUMAN";"Transmembrane protein 109";"TMEM109";1;1;0,000180850184220003;NA;1;NA;1;NA;0,000422161128354266
"Q9GZM8-1,Q9GZM8-2,Q9NXR1-1,Q9NXR1-2";"Q9GZM8-1,Q9GZM8-2,Q9NXR1-1,Q9NXR1-2";"Q9GZM8-[1,2], Q9NXR1-[1,2]";"NDE1_HUMAN, NDEL1_HUMAN";"Nuclear distribution protein nudE homolog 1, Nuclear distribution protein nudE-like 1";"NDE1, NDEL1";1;1;3,17992726233435e-05;NA;1;NA;1;NA;NA
"Q9H0U4";"Q9H0U4";"Q9H0U4";"RAB1B_HUMAN";"Ras-related protein Rab-1B";"RAB1B";2;4;0,00145759849968361;2;2;2;2;0,00171591312092815;0,00176929619166982
"Q9H299";"Q9H299";"Q9H299";"SH3L3_HUMAN";"SH3 domain-binding glutamic acid-rich-like protein 3";"SH3BGRL3";1;1;0,000472544029736137;NA;1;NA;1;NA;0,00110306617408695
"Q9NZB2-1,Q9NZB2-6";"Q9NZB2-1,Q9NZB2-6";"Q9NZB2-[1,6]";"F120A_HUMAN";"Constitutive coactivator of PPAR-gamma-like protein 1";"FAM120A";4;7;0,000137578785043929;4;NA;7;NA;NA;NA
"Q9P035";"Q9P035";"Q9P035";"HACD3_HUMAN";"Very-long-chain (3R)-3-hydroxyacyl-[acyl-carrier protein] dehydratase 3";"PTPLAD1";1;3;0,000364198299161277;1;1;2;1;0,000588468417568877;0,000283384403840018
"Q9UJU6-1,Q9UJU6-2,Q9UJU6-3";"Q9UJU6-1,Q9UJU6-2,Q9UJU6-3";"Q9UJU6-[1-3]";"DBNL_HUMAN";"Drebrin-like protein";"DBNL";1;1;3,40671277251634e-05;NA;1;NA;1;NA;NA
"Q9Y217-1,Q9Y217-2";"Q9Y217-1,Q9Y217-2";"Q9Y217-[1,2]";"MTMR6_HUMAN";"Myotubularin-related protein 6";"MTMR6";1;1;5,3075597542827e-05;NA;1;NA;1;NA;NA
"Q9Y237-1,Q9Y237-2";"Q9Y237-1,Q9Y237-2";"Q9Y237-[1,2]";"PIN4_HUMAN";"Peptidyl-prolyl cis-trans isomerase NIMA-interacting 4";"PIN4";1;2;0,000335470189049319;1;1;1;1;NA;NA
"Q9Y277-1,Q9Y277-2";"Q9Y277-1,Q9Y277-2";"Q9Y277-[1,2]";"VDAC3_HUMAN";"Voltage-dependent anion-selective channel protein 3";"VDAC3";1;1;0,000131995072617108;0;1;0;1;NA;NA
"Q9Y2Q3-1,Q9Y2Q3-2,Q9Y2Q3-3,Q9Y2Q3-4";"Q9Y2Q3-1,Q9Y2Q3-2,Q9Y2Q3-3,Q9Y2Q3-4";"Q9Y2Q3-[1-4]";"GSTK1_HUMAN";"Glutathione S-transferase kappa 1";"GSTK1";1;1;4,86134897848017e-05;NA;1;NA;1;NA;NA
"Q9Y333";"Q9Y333";"Q9Y333";"LSM2_HUMAN";"U6 snRNA-associated Sm-like protein LSm2";"LSM2";1;2;0,000925191468746542;NA;1;NA;2;NA;0,0021596874566334
"P14618-1";"P14618-1";"P14618-1";"KPYM_HUMAN";"Pyruvate kinase isozymes M1/M2";"PKM";29;96;0,00794514707624149;26;20;56;40;NA;NA
"P68363";"P68363";"P68363";"TBA1B_HUMAN";"Tubulin alpha-1B chain";"TUBA1B";1;4;0,0074056345946231;1;1;2;2;0,00850212906625011;0,00909846156896555
"Q71U36";"Q71U36";"Q71U36";"TBA1A_HUMAN";"Tubulin alpha-1A chain";"TUBA1A";0;0;NA;0;0;0;0;0;NA
"Q9BQE3";"Q9BQE3";"Q9BQE3";"TBA1C_HUMAN";"Tubulin alpha-1C chain";"TUBA1C";0;0;NA;0;0;0;0;0;NA
"P04350";"P04350";"P04350";"TBB4A_HUMAN";"Tubulin beta-4A chain";"TUBB4A";1;1;0,000602121136989233;1;0;1;0;0,001319415111914;0
"P68032,P68133";"P68032,P68133";"P68133, P68032";"ACTC_HUMAN, ACTS_HUMAN";"Actin, alpha cardiac muscle 1, Actin, alpha skeletal muscle";"ACTA1, ACTC1";1;4;0,000607301027306514;1;1;2;2;0,000699805243545134;0,000738582011978646
"P00338-1,P00338-3";"P00338-1,P00338-3";"P00338-[1,3]";"LDHA_HUMAN";"L-lactate dehydrogenase A chain";"LDHA";11;36;0,00253888583229257;11;9;22;14;NA;NA
"Q13509";"Q13509";"Q13509";"TBB3_HUMAN";"Tubulin beta-3 chain";"TUBB3";0;0;0;0;0;0;0;0;0
"P62258-1";"P62258-1";"P62258-1";"1433E_HUMAN";"14-3-3 protein epsilon";"YWHAE";7;21;0,00411964949678725;6;7;10;11;NA;NA
"P08107-1";"P08107-1";"P08107-1";"HSP71_HUMAN";"Heat shock 70 kDa protein 1A/1B";"HSPA1B,HSPA1A";1;3;0,000724112167057529;1;1;2;1;NA;NA
"Q01546";"Q01546";"Q01546";"K22O_HUMAN";"Keratin, type II cytoskeletal 2 oral";"KRT76";1;1;8,56054961732576e-05;1;0;1;0;0,00020777302153573;0
"Q9NY65-1,Q9NY65-2";"Q9NY65-1,Q9NY65-2";"Q9NY65-[1,2]";"TBA8_HUMAN";"Tubulin alpha-8 chain";"TUBA8";0;0;NA;0;0;0;0;NA;NA
"Q92841-1,Q92841-3,Q92841-4";"Q92841-1,Q92841-3,Q92841-4";"Q92841-[1,3,4]";"DDX17_HUMAN";"Probable ATP-dependent RNA helicase DDX17";"DDX17";5;7;0,000234435423988893;3;3;4;3;NA;NA
"P19012";"P19012";"P19012";"K1C15_HUMAN";"Keratin, type I cytoskeletal 15";"KRT15";0;0;NA;0;0;0;0;NA;0
"Q5XKE5";"Q5XKE5";"Q5XKE5";"K2C79_HUMAN";"Keratin, type II cytoskeletal 79";"KRT79";0;0;0;0;0;0;0;0;0
"P06748-1";"P06748-1";"P06748-1";"NPM_HUMAN";"Nucleophosmin";"NPM1";9;21;0,0031390424832472;6;8;10;11;NA;NA
"P34931";"P34931";"P34931";"HS71L_HUMAN";"Heat shock 70 kDa protein 1-like";"HSPA1L";0;0;0;0;0;0;0;0;0
"P08727";"P08727";"P08727";"K1C19_HUMAN";"Keratin, type I cytoskeletal 19";"KRT19";0;0;NA;0;0;0;0;NA;0
"P12035";"P12035";"P12035";"K2C3_HUMAN";"Keratin, type II cytoskeletal 3";"KRT3";0;0;0;0;0;0;0;0;0
"P13646-1,P13646-3";"P13646-1,P13646-3";"P13646-[1,3]";"K1C13_HUMAN";"Keratin, type I cytoskeletal 13";"KRT13";0;0;NA;0;0;0;0;NA;NA
"P62633-1,P62633-2";"P62633-1,P62633-2";"P62633-[1,2]";"CNBP_HUMAN";"Cellular nucleic acid-binding protein";"CNBP";7;18;0,00223457261519292;4;7;6;12;NA;NA
"P05787";"P05787";"P05787";"K2C8_HUMAN";"Keratin, type II cytoskeletal 8";"KRT8";0;0;0;0;0;0;0;0;0
"P61224";"P61224";"P61224";"RAP1B_HUMAN";"Ras-related protein Rap-1b";"RAP1B";5;13;0,00382144302308354;5;4;8;5;0,0052098644142375;0,00390269608331851
"P50395-1";"P50395-1";"P50395-1";"GDIB_HUMAN";"Rab GDP dissociation inhibitor beta";"GDI2";6;11;0,0010863203200451;2;6;2;9;NA;NA
"P50502";"P50502";"P50502";"F10A1_HUMAN";"Hsc70-interacting protein";"ST13";6;16;0,00190554340446442;4;6;7;9;0,00202056771018907;0,00250207693146553
"Q7RTS7,Q86Y46-1";"Q7RTS7,Q86Y46-1";"Q7RTS7, Q86Y46-1";"K2C73_HUMAN, K2C74_HUMAN";"Keratin, type II cytoskeletal 73, Keratin, type II cytoskeletal 74";"KRT73, KRT74";0;0;NA;0;0;0;0;NA;NA
"O60814,P58876,P62807,Q5QNW6-1,Q5QNW6-2,Q93079,Q99877,Q99879,Q99880";"O60814,P58876,P62807,Q5QNW6-1,Q5QNW6-2,Q93079,Q99877,Q99879,Q99880";"O60814, P58876, P62807, Q5QNW6-[1,2], Q93079, Q99877, Q99879, Q99880";"H2B1C_HUMAN, H2B1D_HUMAN, H2B1H_HUMAN, H2B1K_HUMAN, H2B1L_HUMAN, H2B1M_HUMAN, H2B1N_HUMAN, H2B2F_HUMAN";"Histone H2B type 1-C/E/F/G/I, Histone H2B type 1-D, Histone H2B type 1-H, Histone H2B type 1-K, Histone H2B type 1-L, Histone H2B type 1-M, Histone H2B type 1-N, Histone H2B type 2-F";"HIST1H2BD, HIST1H2BF,HIST1H2BE,HIST1H2BC,HIST1H2BG,HIST1H2BI, HIST1H2BH, HIST1H2BK, HIST1H2BL, HIST1H2BM, HIST1H2BN, HIST2H2BF";2;5;0,000409065892878578;1;2;2;3;0,000543432569285544;0,000697858191769297
"Q14CN4-1,Q14CN4-2";"Q14CN4-1,Q14CN4-2";"Q14CN4-[1,2]";"K2C72_HUMAN";"Keratin, type II cytoskeletal 72";"KRT72";0;0;NA;0;0;0;0;NA;NA
"P22392-1,P22392-2";"P22392-1,P22392-2";"P22392-[1,2]";"NDKB_HUMAN";"Nucleoside diphosphate kinase B";"NME2";1;3;0,00148691486048551;1;1;1;2;NA;NA
"P06899,P23527,P33778,Q16778";"P06899,P23527,P33778,Q16778";"P06899, P33778, P23527, Q16778";"H2B1B_HUMAN, H2B1J_HUMAN, H2B1O_HUMAN, H2B2E_HUMAN";"Histone H2B type 1-B, Histone H2B type 1-J, Histone H2B type 1-O, Histone H2B type 2-E";"HIST1H2BB, HIST1H2BJ, HIST1H2BO, HIST2H2BE";1;4;0,000736318607181441;1;1;2;2;0,000951006996249703;0,000814167890397513
"P01892,P10316";"P01892,P10316";"P01892, P10316";"1A02_HUMAN, 1A69_HUMAN";"HLA class I histocompatibility antigen, A-2 alpha chain, HLA class I histocompatibility antigen, A-69 alpha chain";"HLA-A";2;2;0,000228763096039385;NA;2;NA;2;NA;0,000534004912222369
"Q7Z739";"Q7Z739";"Q7Z739";"YTHD3_HUMAN";"YTH domain family protein 3";"YTHDF3";3;7;0,00052585668950124;3;2;5;2;0,000910365671623647;0,000350718475863544
"Q95604";"Q95604";"Q95604";"1C17_HUMAN";"HLA class I histocompatibility antigen, Cw-17 alpha chain";"HLA-C";1;2;0,00044891682824933;NA;1;NA;2;NA;0,00104791286538261
"P19013";"P19013";"P19013";"K2C4_HUMAN";"Keratin, type II cytoskeletal 4";"KRT4";0;0;0;0;0;0;0;0;0
"P04732-1";"P04732-1";"P04732-1";"MT1E_HUMAN";"Metallothionein-1E";"MT1E";0;0;0;0;0;0;0;NA;NA
"O95757";"O95757";"O95757";"HS74L_HUMAN";"Heat shock 70 kDa protein 4L";"HSPA4L";0;0;0;0;0;0;0;NA;0
"O95716";"O95716";"O95716";"RAB3D_HUMAN";"Ras-related protein Rab-3D";"RAB3D";0;0;0;0;0;0;0;0;0
