accession	peptide	modif	charge	theo.mass	exp.mass	parent.intens	start.pos	retention.time	search.engine	score	p.value	spectrum
162648	RHPEYAVSVLLR	:::::::::::::	2	1438.804483	720.410521	2405.0991	360	3003.586	Mascot	10.13	9.71e-002	M463-F05-CHG1-P5570-1.2701.2701.2.dta.747
162648	YNGVFQECCQAEDK	::::::::Cys_CAM:Cys_CAM::::::	2	1746.697773	874.356328	1988.6158	184	2337.2249	Mascot	10.45	9.02e-002	M463-F05-CHG1-P5570-1.1704.1704.2.dta.489
162648	FKDLGEEHFK	:::::::::::	2	1248.613888	625.314073	17677.7754	35	2182.4116	Mascot	28.71	1.35e-003	M463-F05-CHG1-P5570-1.1445.1445.2.dta.400
162648	TVMENFVAFVDK	:::Oxidation_M::::::::::	2	1414.680254	708.348523	1913.3568	569	3438.9652	Mascot	19.00	1.26e-002	M463-F05-CHG1-P5570-1.3484.3484.2.dta.1047
162648	RHPEYAVSVLLR	:::::::::::::	3	1438.804483	480.609466	13043.3496	360	3063.2374	Mascot	40.27	9.40e-005	M463-F05-CHG1-P5570-1.2804.2804.3.dta.784
162648	KQTALVELLK	:::::::::::	2	1141.707061	571.860948	11694.4561	548	3215.8899	Mascot	33.92	4.06e-004	M463-F05-CHG1-P5570-1.3066.3066.2.dta.877
162648	DDPHACYSTVFDK	::::::Cys_CAM::::::::	2	1553.64566	777.829461	3365.0693	387	2513.3086	Mascot	11.04	7.87e-002	M463-F05-CHG1-P5570-1.1998.1998.2.dta.587
162648	YICDNQDTISSK	:::Cys_CAM::::::::::	2	1442.63476	722.324520	1892.0834	286	1884.9644	Mascot	16.68	2.15e-002	M463-F05-CHG1-P5570-1.957.957.2.dta.236
162648	RHPEYAVSVLLR	:::::::::::::	3	1438.804483	480.609161	4733.4155	360	3002.6802	Mascot	25.79	2.64e-003	M463-F05-CHG1-P5570-1.2699.2699.3.dta.746
162648	RHPEYAVSVLLR	:::::::::::::	2	1438.804483	720.410155	2903.3694	360	3064.1143	Mascot	13.30	4.68e-002	M463-F05-CHG1-P5570-1.2807.2807.2.dta.786
162648	SLHTLFGDELCK	:::::::::::Cys_CAM::	2	1418.686402	710.351695	1633.7103	89	3271.3202	Mascot	14.10	3.89e-002	M463-F05-CHG1-P5570-1.3173.3173.2.dta.923
162648	DAFLGSFLYEYSR	::::::::::::::	2	1566.73546	784.375474	11006.3428	347	3949.2496	Mascot	49.30	1.17e-005	M463-F05-CHG1-P5570-1.4430.4430.2.dta.1415
162648	GLVLIAFSQYLQQCPFDEHVK	::::::::::::::Cys_CAM::::::::	3	2491.25697	831.425713	8547.5342	45	4092.1616	Mascot	20.38	9.16e-003	M463-F05-CHG1-P5570-1.4700.4700.3.dta.1518
162648	LGEYGFQNALIVR	::::::::::::::	2	1478.788165	740.402136	9628.6748	421	3476.3178	Mascot	62.43	5.71e-007	M463-F05-CHG1-P5570-1.3556.3556.2.dta.1077
162648	LFTFHADICTLPDTEK	:::::::::Cys_CAM::::::::	2	1906.913503	954.463719	1882.1929	529	3399.6962	Mascot	26.52	2.23e-003	M463-F05-CHG1-P5570-1.3412.3412.2.dta.1019
162648	EYEATLEECCAK	:::::::::Cys_CAM:Cys_CAM:::	2	1501.606498	751.811547	18180.0527	375	2154.4981	Mascot	45.56	2.78e-005	M463-F05-CHG1-P5570-1.1399.1399.2.dta.385
162648	RHPYFYAPELLYYANK	:::::::::::::::::	3	2044.020685	682.347088	7722.5850	168	3462.9571	Mascot	23.17	4.82e-003	M463-F05-CHG1-P5570-1.3530.3530.3.dta.1066
162648	SLHTLFGDELCK	:::::::::::Cys_CAM::	3	1418.686402	473.902565	6844.4561	89	3275.8129	Mascot	24.54	3.52e-003	M463-F05-CHG1-P5570-1.3181.3181.3.dta.926
162648	QTALVELLK	::::::::::	2	1013.612098	507.813964	6245.9463	549	3478.9835	Mascot	12.82	5.22e-002	M463-F05-CHG1-P5570-1.3560.3560.2.dta.1078
P04264	AQYEDIAQK	::::::::::	2	1064.513841	533.264191	32524.6172	356	1862.5367	Mascot	36.91	2.04e-004	M463-F05-CHG1-P5570-1.917.917.2.dta.220
P04264	SISISVAR	:::::::::	2	831.481416	416.749096	46504.4805	75	2442.3002	Mascot	30.00	1.00e-003	M463-F05-CHG1-P5570-1.1890.1890.2.dta.559
P04264	SLVNLGGSK	::::::::::	2	873.491981	437.753741	24059.7168	66	2410.0977	Mascot	25.33	2.93e-003	M463-F05-CHG1-P5570-1.1829.1829.2.dta.534
P04264	KDVDGAYMTK	::::::::Oxidation_M:::	2	1142.527777	572.270738	1768.8990	289	1486.1353	Mascot	11.03	7.89e-002	M463-F05-CHG1-P5570-1.363.363.2.dta.64
P04264	SGGGFSSGSAGIINYQR	::::::::::::::::::	2	1656.785598	829.403132	1835.9167	13	2888.8456	Mascot	10.75	8.41e-002	M463-F05-CHG1-P5570-1.2534.2534.2.dta.707
P04264	GGGGGGYGSGGSSYGSGGGSYGSGGGGGGGR	::::::::::::::::::::::::::::::::	2	2382.944575	1192.475042	2199.8040	519	1855.9257	Mascot	31.99	6.32e-004	M463-F05-CHG1-P5570-1.905.905.2.dta.215
P04264	FLEQQNQVLQTK	:::::::::::::	2	1474.777995	738.398049	3067.1362	200	2481.3793	Mascot	32.65	5.43e-004	M463-F05-CHG1-P5570-1.1952.1952.2.dta.577
P04264	GSGGGSSGGSIGGR	:::::::::::::::	2	1091.495564	546.754410	4162.0146	603	1429.2125	Mascot	11.85	6.53e-002	M463-F05-CHG1-P5570-1.286.286.2.dta.46
P04264	YEELQITAGR	:::::::::::	2	1178.593154	590.303798	4281.1606	377	2602.2345	Mascot	42.65	5.43e-005	M463-F05-CHG1-P5570-1.2139.2139.2.dta.629
P04264	TNAENEFVTIKK	:::::::::::::	3	1392.724895	465.249346	19512.2949	278	2391.9049	Mascot	24.15	3.85e-003	M463-F05-CHG1-P5570-1.1794.1794.3.dta.519
P04264	SKAEAESLYQSK	:::::::::::::	2	1339.66196	670.836908	36373.5352	365	1834.4208	Mascot	42.67	5.41e-005	M463-F05-CHG1-P5570-1.868.868.2.dta.201
P04264	AEAESLYQSK	:::::::::::	2	1124.534969	563.275570	1464.9696	367	1902.7084	Mascot	10.42	9.08e-002	M463-F05-CHG1-P5570-1.985.985.2.dta.245
P04264	TNAENEFVTIKK	:::::::::::::	2	1392.724895	697.369105	7310.7178	278	2388.2697	Mascot	22.72	5.35e-003	M463-F05-CHG1-P5570-1.1786.1786.2.dta.515
P04264	DVDGAYMTK	:::::::Oxidation_M:::	2	1014.432814	508.223570	3352.2463	290	1597.5773	Mascot	14.69	3.40e-002	M463-F05-CHG1-P5570-1.507.507.2.dta.91
P04264	SLNNQFASFIDK	:::::::::::::	2	1382.683029	692.346588	3974.2383	186	3525.6768	Mascot	17.56	1.75e-002	M463-F05-CHG1-P5570-1.3664.3664.2.dta.1130
P04264	TNAENEFVTIK	::::::::::::	2	1264.629932	633.322547	6113.1138	278	2811.129	Mascot	21.44	7.18e-003	M463-F05-CHG1-P5570-1.2430.2430.2.dta.689
P35908	TAAENDFVTLK	::::::::::::	2	1207.608469	604.810678	5391.1729	276	2808.4215	Mascot	14.27	3.74e-002	M463-F05-CHG1-P5570-1.2425.2425.2.dta.687
P35908	GGSISGGGYGSGGGK	::::::::::::::::	2	1196.542181	599.279007	3477.4119	581	1597.4156	Mascot	24.90	3.24e-003	M463-F05-CHG1-P5570-1.506.506.2.dta.90
P35908	HGGGGGGFGGGGFGSR	:::::::::::::::::	3	1319.575548	440.864852	2884.6084	46	2027.2795	Mascot	33.20	4.79e-004	M463-F05-CHG1-P5570-1.1209.1209.3.dta.334
P35908	GGSGGGGSISGGGYGSGGGSGGR	::::::::::::::::::::::::	2	1740.741169	871.380069	1391.2239	550	1660.0398	Mascot	11.09	7.78e-002	M463-F05-CHG1-P5570-1.595.595.2.dta.113
P35908	GFSSGSAVVSGGSR	:::::::::::::::	2	1253.600028	627.809492	2327.1997	21	1979.0659	Mascot	15.57	2.77e-002	M463-F05-CHG1-P5570-1.1127.1127.2.dta.305
P35908	GGSGGGGSISGGGYGSGGGSGGR	::::::::::::::::::::::::	2	1740.741169	871.379219	3860.3367	550	1663.9904	Mascot	45.15	3.05e-005	M463-F05-CHG1-P5570-1.602.602.2.dta.116
P35908	FLEQQNQVLQTK	:::::::::::::	2	1474.777995	738.398049	3067.1362	198	2481.3793	Mascot	32.65	5.43e-004	M463-F05-CHG1-P5570-1.1952.1952.2.dta.577
P35908	AQYEEIAQR	::::::::::	2	1106.535639	554.275702	3792.1184	354	1949.2197	Mascot	32.11	6.15e-004	M463-F05-CHG1-P5570-1.1069.1069.2.dta.279
P35908	HGGGGGGFGGGGFGSR	:::::::::::::::::	2	1319.575548	660.794440	2354.3159	46	2022.9482	Mascot	26.83	2.07e-003	M463-F05-CHG1-P5570-1.1199.1199.2.dta.329
P35908	YEELQVTVGR	:::::::::::	2	1192.608804	597.311175	3152.9739	375	2670.1248	Mascot	29.07	1.24e-003	M463-F05-CHG1-P5570-1.2238.2238.2.dta.653
P35908	SLVGLGGTK	::::::::::	2	830.486169	416.250073	22515.6738	62	2303.634	Mascot	23.88	4.09e-003	M463-F05-CHG1-P5570-1.1650.1650.2.dta.472
P13645	ALEESNYELEGK	:::::::::::::	2	1380.64089	691.327180	1840.2095	166	2362.0654	Mascot	24.19	3.81e-003	M463-F05-CHG1-P5570-1.1743.1743.2.dta.501
P13645	LAADDFR	::::::::	2	806.392268	404.204433	10426.7012	229	2146.4233	Mascot	19.28	1.18e-002	M463-F05-CHG1-P5570-1.1387.1387.2.dta.382
P13645	VTMQNLNDR	:::Oxidation_M:::::::	2	1105.518608	553.767036	2809.3796	148	1551.9647	Mascot	15.03	3.14e-002	M463-F05-CHG1-P5570-1.444.444.2.dta.76
P13645	VLDELTLTK	::::::::::	2	1030.591028	516.302784	6684.8110	258	2961.189	Mascot	34.73	3.37e-004	M463-F05-CHG1-P5570-1.2643.2643.2.dta.736
P13645	SQYEQLAEQNRK	:::::::::::::	2	1492.727021	747.368803	2922.3650	323	1927.0247	Mascot	12.73	5.33e-002	M463-F05-CHG1-P5570-1.1029.1029.2.dta.263
P13645	GSLGGGFSSGGFSGGSFSR	::::::::::::::::::::	2	1706.764862	854.388577	2796.4805	41	3195.1558	Mascot	40.47	8.97e-005	M463-F05-CHG1-P5570-1.3025.3025.2.dta.859
P13645	DAEAWFNEK	::::::::::	2	1108.482539	555.247991	6121.6934	335	2915.0908	Mascot	23.19	4.80e-003	M463-F05-CHG1-P5570-1.2571.2571.2.dta.715
P13645	LENEIQTYR	::::::::::	2	1164.577503	583.296726	2628.0117	442	2219.8513	Mascot	19.78	1.05e-002	M463-F05-CHG1-P5570-1.1505.1505.2.dta.419
P35527	SGGGGGGGLGSGGSIR	:::::::::::::::::	2	1231.590528	616.803218	3077.9216	14	1890.5457	Mascot	23.71	4.26e-003	M463-F05-CHG1-P5570-1.966.966.2.dta.239
P35527	FSSSSGYGGGSSR	::::::::::::::	2	1234.521443	618.267633	3311.0266	47	1642.0645	Mascot	24.46	3.58e-003	M463-F05-CHG1-P5570-1.571.571.2.dta.108
P35527	QGVDADINGLR	::::::::::::	2	1156.583651	579.297951	3250.6199	251	2638.4869	Mascot	31.75	6.68e-004	M463-F05-CHG1-P5570-1.2197.2197.2.dta.647
P35527	STMQELNSR	:::Oxidation_M:::::::	2	1080.486973	541.250326	15218.9766	155	1513.7977	Mascot	28.16	1.53e-003	M463-F05-CHG1-P5570-1.397.397.2.dta.69
P35527	IKFEMEQNLR	:::::Oxidation_M::::::	3	1322.665272	441.896101	5062.5298	241	2265.6914	Mascot	16.79	2.09e-002	M463-F05-CHG1-P5570-1.1584.1584.3.dta.448
P35527	GGSGGSYGGGGSGGGYGGGSGSR	::::::::::::::::::::::::	2	1790.720434	896.367716	1720.8187	491	1591.6935	Mascot	37.04	1.98e-004	M463-F05-CHG1-P5570-1.497.497.2.dta.87
136429	VATVSLPR	:::::::::	2	841.502153	421.758856	13486.5547	108	2576.8651	Mascot	36.94	2.02e-004	M463-F05-CHG1-P5570-1.2102.2102.2.dta.620
136429	VATVSLPR	:::::::::	2	841.502153	421.758765	4164.1221	108	2758.7435	Mascot	19.14	1.22e-002	M463-F05-CHG1-P5570-1.2358.2358.2.dta.675
136429	VATVSLPR	:::::::::	2	841.502153	421.758673	2844.0134	108	3181.6579	Mascot	30.33	9.27e-004	M463-F05-CHG1-P5570-1.3002.3002.2.dta.851
136429	VATVSLPR	:::::::::	2	841.502153	421.758887	4563.2080	108	2915.257	Mascot	19.13	1.22e-002	M463-F05-CHG1-P5570-1.2572.2572.2.dta.716
136429	VATVSLPR	:::::::::	2	841.502153	421.759680	621411.3750	108	2455.6837	Mascot	60.48	8.95e-007	M463-F05-CHG1-P5570-1.1912.1912.2.dta.566
136429	VATVSLPR	:::::::::	2	841.502153	421.758521	7690.9917	108	2698.1663	Mascot	21.34	7.35e-003	M463-F05-CHG1-P5570-1.2276.2276.2.dta.660
136429	VATVSLPR	:::::::::	2	841.502153	421.759161	5557.3794	108	2854.5186	Mascot	17.70	1.70e-002	M463-F05-CHG1-P5570-1.2490.2490.2.dta.701
136429	VATVSLPR	:::::::::	2	841.502153	421.759283	8795.2715	108	2637.5809	Mascot	35.58	2.77e-004	M463-F05-CHG1-P5570-1.2195.2195.2.dta.646
136429	VATVSLPR	:::::::::	2	841.502153	421.758948	72627.3516	108	2394.6775	Mascot	55.52	2.81e-006	M463-F05-CHG1-P5570-1.1802.1802.2.dta.524
136429	LGEHNIDVLEGNEQFINAAK	:::::::::::::::::::::	3	2210.096761	737.706644	4224.6357	58	3365.5672	Mascot	12.17	6.07e-002	M463-F05-CHG1-P5570-1.3354.3354.3.dta.999
136429	LGEHNIDVLEGNEQFINAAK	:::::::::::::::::::::	2	2210.096761	1106.055341	2152.2632	58	3371.0909	Mascot	14.11	3.88e-002	M463-F05-CHG1-P5570-1.3367.3367.2.dta.1006
136429	LSSPATLNSR	:::::::::::	2	1044.556372	523.285564	8199.9463	98	2024.5749	Mascot	23.10	4.90e-003	M463-F05-CHG1-P5570-1.1202.1202.2.dta.330
136429	VATVSLPR	:::::::::	2	841.502153	421.758490	4054.2549	108	3040.9243	Mascot	22.45	5.69e-003	M463-F05-CHG1-P5570-1.2765.2765.2.dta.770
136429	LSSPATLNSR	:::::::::::	2	1044.556372	523.285748	4378.2646	98	1941.7631	Mascot	11.65	6.84e-002	M463-F05-CHG1-P5570-1.1058.1058.2.dta.276
P63267	EITALAPSTMK	::::::::::Oxidation_M::	2	1176.606027	589.310086	2296.1692	317	2171.5261	Mascot	30.18	9.59e-004	M463-F05-CHG1-P5570-1.1428.1428.2.dta.395
P63267	HQGVMVGMGQK	:::::Oxidation_M:::Oxidation_M::::	2	1202.553616	602.284009	4282.6025	41	1458.3194	Mascot	13.81	4.16e-002	M463-F05-CHG1-P5570-1.328.328.2.dta.58
P63267	DSYVGDEAQSKR	:::::::::::::	2	1353.616073	677.813829	2256.6240	52	1607.8898	Mascot	16.94	2.02e-002	M463-F05-CHG1-P5570-1.524.524.2.dta.97
P63267	SYELPDGQVITIGNER	:::::::::::::::::	2	1789.884644	895.946513	2298.8406	240	3415.7499	Mascot	14.31	3.71e-002	M463-F05-CHG1-P5570-1.3441.3441.2.dta.1030
P63261	EITALAPSTMK	::::::::::Oxidation_M::	2	1176.606027	589.310086	2296.1692	316	2171.5261	Mascot	30.18	9.59e-004	M463-F05-CHG1-P5570-1.1428.1428.2.dta.395
P63261	HQGVMVGMGQK	:::::Oxidation_M:::Oxidation_M::::	2	1202.553616	602.284009	4282.6025	40	1458.3194	Mascot	13.81	4.16e-002	M463-F05-CHG1-P5570-1.328.328.2.dta.58
P63261	DSYVGDEAQSKR	:::::::::::::	2	1353.616073	677.813829	2256.6240	51	1607.8898	Mascot	16.94	2.02e-002	M463-F05-CHG1-P5570-1.524.524.2.dta.97
P63261	SYELPDGQVITIGNER	:::::::::::::::::	2	1789.884644	895.946513	2298.8406	239	3415.7499	Mascot	14.31	3.71e-002	M463-F05-CHG1-P5570-1.3441.3441.2.dta.1030
P68133	EITALAPSTMK	::::::::::Oxidation_M::	2	1176.606027	589.310086	2296.1692	318	2171.5261	Mascot	30.18	9.59e-004	M463-F05-CHG1-P5570-1.1428.1428.2.dta.395
P68133	HQGVMVGMGQK	:::::Oxidation_M:::Oxidation_M::::	2	1202.553616	602.284009	4282.6025	42	1458.3194	Mascot	13.81	4.16e-002	M463-F05-CHG1-P5570-1.328.328.2.dta.58
P68133	DSYVGDEAQSKR	:::::::::::::	2	1353.616073	677.813829	2256.6240	53	1607.8898	Mascot	16.94	2.02e-002	M463-F05-CHG1-P5570-1.524.524.2.dta.97
P68133	SYELPDGQVITIGNER	:::::::::::::::::	2	1789.884644	895.946513	2298.8406	241	3415.7499	Mascot	14.31	3.71e-002	M463-F05-CHG1-P5570-1.3441.3441.2.dta.1030
P62736	EITALAPSTMK	::::::::::Oxidation_M::	2	1176.606027	589.310086	2296.1692	318	2171.5261	Mascot	30.18	9.59e-004	M463-F05-CHG1-P5570-1.1428.1428.2.dta.395
P62736	HQGVMVGMGQK	:::::Oxidation_M:::Oxidation_M::::	2	1202.553616	602.284009	4282.6025	42	1458.3194	Mascot	13.81	4.16e-002	M463-F05-CHG1-P5570-1.328.328.2.dta.58
P62736	DSYVGDEAQSKR	:::::::::::::	2	1353.616073	677.813829	2256.6240	53	1607.8898	Mascot	16.94	2.02e-002	M463-F05-CHG1-P5570-1.524.524.2.dta.97
P62736	SYELPDGQVITIGNER	:::::::::::::::::	2	1789.884644	895.946513	2298.8406	241	3415.7499	Mascot	14.31	3.71e-002	M463-F05-CHG1-P5570-1.3441.3441.2.dta.1030
P68032	EITALAPSTMK	::::::::::Oxidation_M::	2	1176.606027	589.310086	2296.1692	318	2171.5261	Mascot	30.18	9.59e-004	M463-F05-CHG1-P5570-1.1428.1428.2.dta.395
P68032	HQGVMVGMGQK	:::::Oxidation_M:::Oxidation_M::::	2	1202.553616	602.284009	4282.6025	42	1458.3194	Mascot	13.81	4.16e-002	M463-F05-CHG1-P5570-1.328.328.2.dta.58
P68032	DSYVGDEAQSKR	:::::::::::::	2	1353.616073	677.813829	2256.6240	53	1607.8898	Mascot	16.94	2.02e-002	M463-F05-CHG1-P5570-1.524.524.2.dta.97
P68032	SYELPDGQVITIGNER	:::::::::::::::::	2	1789.884644	895.946513	2298.8406	241	3415.7499	Mascot	14.31	3.71e-002	M463-F05-CHG1-P5570-1.3441.3441.2.dta.1030
P60709	EITALAPSTMK	::::::::::Oxidation_M::	2	1176.606027	589.310086	2296.1692	316	2171.5261	Mascot	30.18	9.59e-004	M463-F05-CHG1-P5570-1.1428.1428.2.dta.395
P60709	HQGVMVGMGQK	:::::Oxidation_M:::Oxidation_M::::	2	1202.553616	602.284009	4282.6025	40	1458.3194	Mascot	13.81	4.16e-002	M463-F05-CHG1-P5570-1.328.328.2.dta.58
P60709	DSYVGDEAQSKR	:::::::::::::	2	1353.616073	677.813829	2256.6240	51	1607.8898	Mascot	16.94	2.02e-002	M463-F05-CHG1-P5570-1.524.524.2.dta.97
P60709	SYELPDGQVITIGNER	:::::::::::::::::	2	1789.884644	895.946513	2298.8406	239	3415.7499	Mascot	14.31	3.71e-002	M463-F05-CHG1-P5570-1.3441.3441.2.dta.1030
P04259	AQYEEIAQR	::::::::::	2	1106.535639	554.275702	3792.1184	339	1949.2197	Mascot	32.11	6.15e-004	M463-F05-CHG1-P5570-1.1069.1069.2.dta.279
P04259	YEELQITAGR	:::::::::::	2	1178.593154	590.303798	4281.1606	360	2602.2345	Mascot	42.65	5.43e-005	M463-F05-CHG1-P5570-1.2139.2139.2.dta.629
P13647	AQYEEIANR	::::::::::	2	1092.519988	547.265884	2000.6483	344	1931.71	Mascot	18.48	1.42e-002	M463-F05-CHG1-P5570-1.1040.1040.2.dta.269
P13647	YEELQQTAGR	:::::::::::	2	1193.567668	597.790850	2510.6985	365	1844.6716	Mascot	19.54	1.11e-002	M463-F05-CHG1-P5570-1.885.885.2.dta.207
P13647	ISISTSGGSFR	::::::::::::	2	1110.566937	556.291020	7871.4307	74	2640.2929	Mascot	33.00	5.01e-004	M463-F05-CHG1-P5570-1.2201.2201.2.dta.649
Q7Z3Y7	LAADDFR	::::::::	2	806.392268	404.204433	10426.7012	170	2146.4233	Mascot	19.28	1.18e-002	M463-F05-CHG1-P5570-1.1387.1387.2.dta.382
Q7Z3Y7	VTMQNLNDR	:::Oxidation_M:::::::	2	1105.518608	553.767036	2809.3796	88	1551.9647	Mascot	15.03	3.14e-002	M463-F05-CHG1-P5570-1.444.444.2.dta.76
Q7Z3Y7	DAEAWFNEK	::::::::::	2	1108.482539	555.247991	6121.6934	276	2915.0908	Mascot	23.19	4.80e-003	M463-F05-CHG1-P5570-1.2571.2571.2.dta.715
P02533	LAADDFR	::::::::	2	806.392268	404.204433	10426.7012	195	2146.4233	Mascot	19.28	1.18e-002	M463-F05-CHG1-P5570-1.1387.1387.2.dta.382
P02533	VTMQNLNDR	:::Oxidation_M:::::::	2	1105.518608	553.767036	2809.3796	117	1551.9647	Mascot	15.03	3.14e-002	M463-F05-CHG1-P5570-1.444.444.2.dta.76
P02533	APSTYGGGLSVSSSR	::::::::::::::::	2	1424.689572	713.351203	2715.4727	42	2238.2251	Mascot	12.70	5.37e-002	M463-F05-CHG1-P5570-1.1539.1539.2.dta.433
P61604	GGEIQPVSVK	:::::::::::	2	1012.555311	507.284881	3053.1013	57	2013.8293	Mascot	22.58	5.52e-003	M463-F05-CHG1-P5570-1.1183.1183.2.dta.323
P61604	GKGGEIQPVSVK	:::::::::::::	2	1197.671738	599.841446	1354.0225	55	1836.6246	Mascot	21.41	7.23e-003	M463-F05-CHG1-P5570-1.873.873.2.dta.204
Q7Z3Y8	VTMQNLNDR	:::Oxidation_M:::::::	2	1105.518608	553.767036	2809.3796	86	1551.9647	Mascot	15.03	3.14e-002	M463-F05-CHG1-P5570-1.444.444.2.dta.76
Q7Z3Y8	DAEAWFNEK	::::::::::	2	1108.482539	555.247991	6121.6934	274	2915.0908	Mascot	23.19	4.80e-003	M463-F05-CHG1-P5570-1.2571.2571.2.dta.715
Q7Z3Z0	VTMQNLNDR	:::Oxidation_M:::::::	2	1105.518608	553.767036	2809.3796	81	1551.9647	Mascot	15.03	3.14e-002	M463-F05-CHG1-P5570-1.444.444.2.dta.76
Q7Z3Z0	DAEAWFNEK	::::::::::	2	1108.482539	555.247991	6121.6934	269	2915.0908	Mascot	23.19	4.80e-003	M463-F05-CHG1-P5570-1.2571.2571.2.dta.715
P08779	LAADDFR	::::::::	2	806.392268	404.204433	10426.7012	197	2146.4233	Mascot	19.28	1.18e-002	M463-F05-CHG1-P5570-1.1387.1387.2.dta.382
P08779	VTMQNLNDR	:::Oxidation_M:::::::	2	1105.518608	553.767036	2809.3796	119	1551.9647	Mascot	15.03	3.14e-002	M463-F05-CHG1-P5570-1.444.444.2.dta.76
